EPI_ISL_7094|Swine|H1N1|1976|NorthAmerica|,1976,-222.7,46.7275494672755,657,657,46.1187214611872,47.0319634703196
EPI_ISL_28432|Swine|H1N1|1977|Asia|,1977,-218.8,46.1187214611872,657,657,45.2054794520548,46.5753424657534
EPI_ISL_20100|Swine|H1N1|1979|Asia|,1979,-220.6,46.4231354642314,657,657,45.662100456621,46.8036529680365
EPI_ISL_77730|Swine|H1N1|2005|Asia|,2005,-195.9,45.0320512820513,624,624,40.8653846153846,47.1153846153846
EPI_ISL_90156|Swine|H1N1|2005|Asia|,2005,-208.6,44.5966514459665,657,657,41.5525114155251,46.1187214611872
EPI_ISL_7131|Swine|H1N1|1975|NorthAmerica|,1975,-222,47.1841704718417,657,657,46.1187214611872,47.7168949771689
EPI_ISL_7124|Swine|H1N1|1975|NorthAmerica|,1975,-222,47.1841704718417,657,657,46.1187214611872,47.7168949771689
EPI_ISL_7133|Swine|H1N1|1971|NorthAmerica|,1971,-218.4,46.7275494672755,657,657,44.7488584474886,47.7168949771689
EPI_ISL_7136|Swine|H1N1|1970|NorthAmerica|,1970,-212.6,45.662100456621,657,657,44.2922374429224,46.3470319634703
EPI_ISL_7774|Swine|H1N1|1967|NorthAmerica|,1967,-217.6,46.1187214611872,657,657,45.2054794520548,46.5753424657534
EPI_ISL_7775|Swine|H1N1|1966|NorthAmerica|,1966,-214.4,46.1187214611872,657,657,45.2054794520548,46.5753424657534
EPI_ISL_1120|Swine|H1N1|1961|NorthAmerica|,1961,-225.4,45.3623188405797,690,690,43.4782608695652,46.304347826087
EPI_ISL_7773|Swine|H1N1|1957|NorthAmerica|,1957,-215.4,45.7971014492754,690,690,43.9130434782609,46.7391304347826
EPI_ISL_88267|Swine|H1N1|1977.312|Asia|,1977.312,-214.4,46.4231354642314,657,657,45.662100456621,46.8036529680365
EPI_ISL_88254|Swine|H1N1|1977.293|Asia|,1977.293,-222.4,47.0319634703196,657,657,46.1187214611872,47.4885844748858
EPI_ISL_88247|Swine|H1N1|1977.293|Asia|,1977.293,-225.4,46.8797564687976,657,657,46.1187214611872,47.2602739726027
EPI_ISL_88264|Swine|H1N1|1977.312|Asia|,1977.312,-211.7,46.2709284627093,657,657,45.662100456621,46.5753424657534
EPI_ISL_88268|Swine|H1N1|1977.312|Asia|,1977.312,-224,46.8797564687976,657,657,47.0319634703196,46.8036529680365
EPI_ISL_88272|Swine|H1N1|1977.312|Asia|,1977.312,-222.2,46.8797564687976,657,657,45.662100456621,47.4885844748858
EPI_ISL_88245|Swine|H1N1|1977.277|Asia|,1977.277,-219.3,46.7275494672755,657,657,45.2054794520548,47.4885844748858
EPI_ISL_88244|Swine|H1N1|1977.277|Asia|,1977.277,-219.3,46.7275494672755,657,657,45.2054794520548,47.4885844748858
EPI_ISL_88243|Swine|H1N1|1977.277|Asia|,1977.277,-219.3,46.7275494672755,657,657,45.2054794520548,47.4885844748858
EPI_ISL_88241|Swine|H1N1|1977.277|Asia|,1977.277,-219.3,46.8797564687976,657,657,45.662100456621,47.4885844748858
EPI_ISL_88240|Swine|H1N1|1977.277|Asia|,1977.277,-219.3,46.8797564687976,657,657,45.662100456621,47.4885844748858
EPI_ISL_88236|Swine|H1N1|1977.277|Asia|,1977.277,-219.3,46.8797564687976,657,657,45.662100456621,47.4885844748858
EPI_ISL_88237|Swine|H1N1|1977.277|Asia|,1977.277,-219.3,46.8797564687976,657,657,45.662100456621,47.4885844748858
EPI_ISL_88242|Swine|H1N1|1977.277|Asia|,1977.277,-219.3,46.8797564687976,657,657,45.662100456621,47.4885844748858
EPI_ISL_88257|Swine|H1N1|1977.293|Asia|,1977.293,-225.4,46.8797564687976,657,657,46.1187214611872,47.2602739726027
EPI_ISL_88246|Swine|H1N1|1977.293|Asia|,1977.293,-225.4,46.8797564687976,657,657,46.1187214611872,47.2602739726027
EPI_ISL_88261|Swine|H1N1|1977.293|Asia|,1977.293,-225.4,46.8797564687976,657,657,46.1187214611872,47.2602739726027
EPI_ISL_88256|Swine|H1N1|1977.293|Asia|,1977.293,-222.3,46.7275494672755,657,657,46.1187214611872,47.0319634703196
EPI_ISL_88248|Swine|H1N1|1977.293|Asia|,1977.293,-225.4,46.8797564687976,657,657,46.1187214611872,47.2602739726027
EPI_ISL_88270|Swine|H1N1|1977.312|Asia|,1977.312,-214.4,46.4231354642314,657,657,45.662100456621,46.8036529680365
EPI_ISL_88269|Swine|H1N1|1977.312|Asia|,1977.312,-225.4,46.8797564687976,657,657,46.1187214611872,47.2602739726027
EPI_ISL_88266|Swine|H1N1|1977.312|Asia|,1977.312,-224,46.8797564687976,657,657,47.0319634703196,46.8036529680365
EPI_ISL_88263|Swine|H1N1|1977.312|Asia|,1977.312,-225.4,46.7275494672755,657,657,45.662100456621,47.2602739726027
EPI_ISL_88259|Swine|H1N1|1977.293|Asia|,1977.293,-224.2,46.8797564687976,657,657,45.2054794520548,47.7168949771689
EPI_ISL_88253|Swine|H1N1|1977.293|Asia|,1977.293,-224.2,46.8797564687976,657,657,45.2054794520548,47.7168949771689
EPI_ISL_88252|Swine|H1N1|1977.293|Asia|,1977.293,-224.2,46.8797564687976,657,657,45.2054794520548,47.7168949771689
EPI_ISL_88255|Swine|H1N1|1977.293|Asia|,1977.293,-224.2,46.8797564687976,657,657,45.2054794520548,47.7168949771689
EPI_ISL_88258|Swine|H1N1|1977.293|Asia|,1977.293,-224.2,46.8797564687976,657,657,45.2054794520548,47.7168949771689
EPI_ISL_88251|Swine|H1N1|1977.293|Asia|,1977.293,-224.2,46.8797564687976,657,657,45.2054794520548,47.7168949771689
EPI_ISL_88250|Swine|H1N1|1977.293|Asia|,1977.293,-224.2,46.8797564687976,657,657,45.2054794520548,47.7168949771689
EPI_ISL_88249|Swine|H1N1|1977.293|Asia|,1977.293,-224.2,46.8797564687976,657,657,45.2054794520548,47.7168949771689
EPI_ISL_88282|Swine|H1N1|1978.052|Asia|,1978.052,-224.7,47.0319634703196,657,657,46.5753424657534,47.2602739726027
EPI_ISL_88281|Swine|H1N1|1978.052|Asia|,1978.052,-226.1,47.1841704718417,657,657,46.5753424657534,47.4885844748858
EPI_ISL_88279|Swine|H1N1|1978.014|Asia|,1978.014,-224.5,47.0319634703196,657,657,46.1187214611872,47.4885844748858
EPI_ISL_88280|Swine|H1N1|1978.014|Asia|,1978.014,-224.5,47.0319634703196,657,657,46.1187214611872,47.4885844748858
EPI_ISL_88278|Swine|H1N1|1978|Asia|,1978,-226.1,47.1841704718417,657,657,46.5753424657534,47.4885844748858
EPI_ISL_88275|Swine|H1N1|1977.323|Asia|,1977.323,-222.2,46.8797564687976,657,657,45.662100456621,47.4885844748858
EPI_ISL_88277|Swine|H1N1|1977.323|Asia|,1977.323,-222.2,46.8797564687976,657,657,45.662100456621,47.4885844748858
EPI_ISL_88276|Swine|H1N1|1977.323|Asia|,1977.323,-227.6,47.0319634703196,657,657,45.662100456621,47.7168949771689
EPI_ISL_88274|Swine|H1N1|1977.323|Asia|,1977.323,-222.4,46.7275494672755,657,657,45.2054794520548,47.4885844748858
EPI_ISL_88273|Swine|H1N1|1977.323|Asia|,1977.323,-222.2,46.8797564687976,657,657,45.662100456621,47.4885844748858
EPI_ISL_88260|Swine|H1N1|1977.293|Asia|,1977.293,-219.8,47.1841704718417,657,657,47.0319634703196,47.2602739726027
EPI_ISL_88271|Swine|H1N1|1977.312|Asia|,1977.312,-222.4,47.3363774733638,657,657,47.0319634703196,47.4885844748858
EPI_ISL_88234|Swine|H1N1|1977|Asia|,1977,-222.4,47.3363774733638,657,657,47.0319634703196,47.4885844748858
EPI_ISL_7088|Swine|H1N1|1976|NorthAmerica|,1976,-215.8,46.8797564687976,657,657,45.662100456621,47.4885844748858
EPI_ISL_7087|Swine|H1N1|1976|NorthAmerica|,1976,-215.8,46.8797564687976,657,657,45.662100456621,47.4885844748858
EPI_ISL_8010|Swine|H1N1|1978|NorthAmerica|,1978,-218.2,46.7275494672755,657,657,45.662100456621,47.2602739726027
EPI_ISL_7532|Swine|H1N1|1977|NorthAmerica|,1977,-227.6,46.8115942028985,690,690,45.2173913043478,47.6086956521739
EPI_ISL_7089|Swine|H1N1|1976|NorthAmerica|,1976,-220.6,46.5753424657534,657,657,44.7488584474886,47.4885844748858
EPI_ISL_7530|Swine|H1N1|1977|NorthAmerica|,1977,-221.3,47.1582181259601,651,651,46.0829493087558,47.6958525345622
EPI_ISL_7796|Swine|H1N1|1977|NorthAmerica|,1977,-221.3,47.1582181259601,651,651,46.0829493087558,47.6958525345622
EPI_ISL_7117|Swine|H1N1|1977|NorthAmerica|,1977,-218.6,46.8797564687976,657,657,45.662100456621,47.4885844748858
EPI_ISL_7099|Swine|H1N1|1977|NorthAmerica|,1977,-218.6,46.8797564687976,657,657,45.662100456621,47.4885844748858
EPI_ISL_7529|Swine|H1N1|1977|NorthAmerica|,1977,-220.9,47.0319634703196,657,657,46.1187214611872,47.4885844748858
EPI_ISL_7118|Swine|H1N1|1977|NorthAmerica|,1977,-219.4,47.0319634703196,657,657,46.1187214611872,47.4885844748858
EPI_ISL_7132|Swine|H1N1|1978|NorthAmerica|,1978,-218.3,46.8797564687976,657,657,46.1187214611872,47.2602739726027
EPI_ISL_15829|Swine|H1N1|1978|NorthAmerica|,1978,-218.3,46.8797564687976,657,657,46.1187214611872,47.2602739726027
EPI_ISL_7535|Swine|H1N1|1978|NorthAmerica|,1978,-218.3,46.8797564687976,657,657,46.1187214611872,47.2602739726027
EPI_ISL_7090|Swine|H1N1|1976|NorthAmerica|,1976,-219,46.4231354642314,657,657,45.2054794520548,47.0319634703196
EPI_ISL_7086|Swine|H1N1|1976|NorthAmerica|,1976,-219.8,46.7275494672755,657,657,45.662100456621,47.2602739726027
EPI_ISL_7085|Swine|H1N1|1976|NorthAmerica|,1976,-219.8,46.7275494672755,657,657,45.662100456621,47.2602739726027
EPI_ISL_7795|Swine|H1N1|1976|NorthAmerica|,1976,-219.8,46.7275494672755,657,657,45.662100456621,47.2602739726027
EPI_ISL_7098|Swine|H1N1|1977|NorthAmerica|,1977,-217.3,46.7275494672755,657,657,46.1187214611872,47.0319634703196
EPI_ISL_7555|Swine|H1N1|1977|NorthAmerica|,1977,-221.7,46.4231354642314,657,657,45.2054794520548,47.0319634703196
EPI_ISL_7097|Swine|H1N1|1977|NorthAmerica|,1977,-224.6,46.5753424657534,657,657,45.2054794520548,47.2602739726027
EPI_ISL_8041|Swine|H1N1|1978|NorthAmerica|,1978,-219.4,47.0319634703196,657,657,46.1187214611872,47.4885844748858
EPI_ISL_7096|Swine|H1N1|1977|NorthAmerica|,1977,-221,46.8797564687976,657,657,46.1187214611872,47.2602739726027
EPI_ISL_7095|Swine|H1N1|1977|NorthAmerica|,1977,-221,46.8797564687976,657,657,46.1187214611872,47.2602739726027
EPI_ISL_7270|Swine|H1N1|1977|NorthAmerica|,1977,-221.3,46.7275494672755,657,657,45.662100456621,47.2602739726027
EPI_ISL_7537|Swine|H1N1|1977|NorthAmerica|,1977,-219.3,46.2709284627093,657,657,45.662100456621,46.5753424657534
EPI_ISL_7799|Swine|H1N1|1977|NorthAmerica|,1977,-219.3,46.2709284627093,657,657,45.662100456621,46.5753424657534
EPI_ISL_7798|Swine|H1N1|1977|NorthAmerica|,1977,-219.3,46.2709284627093,657,657,45.662100456621,46.5753424657534
EPI_ISL_7797|Swine|H1N1|1977|NorthAmerica|,1977,-219.3,46.2709284627093,657,657,45.662100456621,46.5753424657534
EPI_ISL_20806|Swine|H1N1|1977|NorthAmerica|,1977,-219.3,46.4231354642314,657,657,45.662100456621,46.8036529680365
EPI_ISL_27617|Swine|H1N1|1977|NorthAmerica|,1977,-219.3,46.2709284627093,657,657,45.662100456621,46.5753424657534
EPI_ISL_7900|Swine|H1N1|1977|NorthAmerica|,1977,-219.3,46.4231354642314,657,657,45.662100456621,46.8036529680365
EPI_ISL_7126|Swine|H1N1|1976|NorthAmerica|,1976,-222.7,46.8797564687976,657,657,46.1187214611872,47.2602739726027
EPI_ISL_7527|Swine|H1N1|1975|NorthAmerica|,1975,-223.8,46.7275494672755,657,657,45.662100456621,47.2602739726027
EPI_ISL_7115|Swine|H1N1|1977|NorthAmerica|,1977,-225.9,46.5753424657534,657,657,44.7488584474886,47.4885844748858
EPI_ISL_7125|Swine|H1N1|1976|NorthAmerica|,1976,-222.3,47.1841704718417,657,657,46.1187214611872,47.7168949771689
EPI_ISL_1119|Swine|H1N1|1981|Asia|,1981,-218.9,46.1187214611872,657,657,46.1187214611872,46.1187214611872
EPI_ISL_379212|Swine|H1N1|1980|Asia|,1980,-219,46.2709284627093,657,657,46.1187214611872,46.3470319634703
EPI_ISL_379213|Swine|H1N1|1978|Asia|,1978,-220,46.8797564687976,657,657,46.1187214611872,47.2602739726027
EPI_ISL_8011|Swine|H1N1|1976|NorthAmerica|,1976,-210.5,46.4723926380368,652,657,45.3703703703704,47.0183486238532
EPI_ISL_27593|Swine|H1N1|1976|NorthAmerica|,1976,-219.2,46.7275494672755,657,657,45.2054794520548,47.4885844748858
EPI_ISL_7528|Swine|H1N1|1977|NorthAmerica|,1977,-217,46.2709284627093,657,657,44.2922374429224,47.2602739726027
EPI_ISL_7790|Swine|H1N1|1976|NorthAmerica|,1976,-217.6,46.7275494672755,657,657,45.2054794520548,47.4885844748858
EPI_ISL_7128|Swine|H1N1|1977|NorthAmerica|,1977,-229.1,46.8115942028985,690,690,44.7826086956522,47.8260869565217
EPI_ISL_88239|Swine|H1N1|1977.277|Asia|,1977.277,-224.1,47.1841704718417,657,657,46.5753424657534,47.4885844748858
EPI_ISL_88284|Swine|H1N1|1979.989|Asia|,1979.989,-226.4,46.0869565217391,690,690,44.3478260869565,46.9565217391304
EPI_ISL_88285|Swine|H1N1|1979.989|Asia|,1979.989,-230,46.5217391304348,690,690,44.7826086956522,47.3913043478261
EPI_ISL_88286|Swine|H1N1|1979.989|Asia|,1979.989,-227.3,46.231884057971,690,690,44.3478260869565,47.1739130434783
EPI_ISL_88289|Swine|H1N1|1979.989|Asia|,1979.989,-227.3,46.3768115942029,690,690,44.3478260869565,47.3913043478261
EPI_ISL_88288|Swine|H1N1|1979.989|Asia|,1979.989,-227.3,46.3768115942029,690,690,44.3478260869565,47.3913043478261
EPI_ISL_88283|Swine|H1N1|1979.907|Asia|,1979.907,-227.3,46.231884057971,690,690,44.3478260869565,47.1739130434783
EPI_ISL_88294|Swine|H1N1|1979.989|Asia|,1979.989,-227.3,46.3768115942029,690,690,44.3478260869565,47.3913043478261
EPI_ISL_88293|Swine|H1N1|1979.989|Asia|,1979.989,-227.3,46.3768115942029,690,690,44.3478260869565,47.3913043478261
EPI_ISL_88292|Swine|H1N1|1979.989|Asia|,1979.989,-227.3,46.3768115942029,690,690,44.3478260869565,47.3913043478261
EPI_ISL_88291|Swine|H1N1|1979.989|Asia|,1979.989,-227.3,46.3768115942029,690,690,44.3478260869565,47.3913043478261
EPI_ISL_88290|Swine|H1N1|1979.989|Asia|,1979.989,-227.3,46.3768115942029,690,690,44.3478260869565,47.3913043478261
EPI_ISL_88287|Swine|H1N1|1979.989|Asia|,1979.989,-227.3,46.3768115942029,690,690,44.3478260869565,47.3913043478261
EPI_ISL_7928|Swine|H1N1|1978|NorthAmerica|,1978,-219.8,47.1841704718417,657,657,46.1187214611872,47.7168949771689
EPI_ISL_8040|Swine|H1N1|1978|NorthAmerica|,1978,-220.5,46.8797564687976,657,657,46.5753424657534,47.0319634703196
EPI_ISL_7901|Swine|H1N1|1978|NorthAmerica|,1978,-222.4,47.0319634703196,657,657,46.5753424657534,47.2602739726027
EPI_ISL_7927|Swine|H1N1|1978|NorthAmerica|,1978,-220.7,47.0319634703196,657,657,46.5753424657534,47.2602739726027
EPI_ISL_7139|Swine|H1N1|1980|NorthAmerica|,1980,-227.8,47.1841704718417,657,657,47.945205479452,46.8036529680365
EPI_ISL_7536|Swine|H1N1|1980|NorthAmerica|,1980,-219.2,46.7275494672755,657,657,47.0319634703196,46.5753424657534
EPI_ISL_7275|Swine|H1N1|1980|NorthAmerica|,1980,-219.2,46.5753424657534,657,657,46.5753424657534,46.5753424657534
EPI_ISL_7137|Swine|H1N1|1980|NorthAmerica|,1980,-219,46.7275494672755,657,657,47.0319634703196,46.5753424657534
EPI_ISL_7138|Swine|H1N1|1980|NorthAmerica|,1980,-219.2,46.7275494672755,657,657,47.0319634703196,46.5753424657534
EPI_ISL_7127|Swine|H1N1|1979|NorthAmerica|,1979,-218.9,46.4231354642314,657,657,45.2054794520548,47.0319634703196
EPI_ISL_8009|Swine|H1N1|1987|NorthAmerica|,1987,-194.6,44.5966514459665,657,657,41.5525114155251,46.1187214611872
EPI_ISL_9878|Swine|H1N1|2003|NorthAmerica|,2003,-191.2,43.6834094368341,657,657,38.8127853881278,46.1187214611872
EPI_ISL_7122|Swine|H1N1|1985|NorthAmerica|,1985,-198,45.2054794520548,657,657,42.4657534246575,46.5753424657534
EPI_ISL_7926|Swine|H1N1|1985|NorthAmerica|,1985,-198,45.2054794520548,657,657,42.4657534246575,46.5753424657534
EPI_ISL_7121|Swine|H1N1|1985|NorthAmerica|,1985,-198,45.2054794520548,657,657,42.4657534246575,46.5753424657534
EPI_ISL_7271|Swine|H1N1|1987|NorthAmerica|,1987,-195.9,45.662100456621,657,657,42.4657534246575,47.2602739726027
EPI_ISL_7272|Swine|H1N1|1988|NorthAmerica|,1988,-194.8,45.0532724505327,657,657,43.37899543379,45.8904109589041
EPI_ISL_7135|Swine|H1N1|1988|NorthAmerica|,1988,-201.5,45.9665144596651,657,657,43.37899543379,47.2602739726027
EPI_ISL_30058|Swine|H1N1|1988|NorthAmerica|,1988,-201.5,45.9665144596651,657,657,43.37899543379,47.2602739726027
EPI_ISL_7140|Swine|H1N1|1987|NorthAmerica|,1987,-198.6,45.2054794520548,657,657,43.37899543379,46.1187214611872
EPI_ISL_7538|Swine|H1N1|1987|NorthAmerica|,1987,-198.6,45.3576864535769,657,657,43.8356164383562,46.1187214611872
EPI_ISL_8086|Swine|H1N1|1986|NorthAmerica|,1986,-215.1,45.8143074581431,657,657,43.8356164383562,46.8036529680365
EPI_ISL_7134|Swine|H1N1|1980|NorthAmerica|,1980,-209.5,45.8143074581431,657,657,44.2922374429224,46.5753424657534
EPI_ISL_7130|Swine|H1N1|1981|NorthAmerica|,1981,-211.1,45.9665144596651,657,657,44.7488584474886,46.5753424657534
EPI_ISL_7129|Swine|H1N1|1981|NorthAmerica|,1981,-211.1,45.9665144596651,657,657,44.7488584474886,46.5753424657534
EPI_ISL_7794|Swine|H1N1|1981|NorthAmerica|,1981,-212.4,46.1187214611872,657,657,44.7488584474886,46.8036529680365
EPI_ISL_7792|Swine|H1N1|1981|NorthAmerica|,1981,-211.1,45.9665144596651,657,657,44.7488584474886,46.5753424657534
EPI_ISL_7273|Swine|H1N1|1981|NorthAmerica|,1981,-211.2,45.9665144596651,657,657,44.7488584474886,46.5753424657534
EPI_ISL_7793|Swine|H1N1|1981|NorthAmerica|,1981,-211.1,45.9665144596651,657,657,44.7488584474886,46.5753424657534
EPI_ISL_7119|Swine|H1N1|1977|NorthAmerica|,1977,-217.1,46.8797564687976,657,657,46.1187214611872,47.2602739726027
EPI_ISL_7534|Swine|H1N1|1977|NorthAmerica|,1977,-217.1,46.8797564687976,657,657,46.1187214611872,47.2602739726027
EPI_ISL_7531|Swine|H1N1|1977|NorthAmerica|,1977,-217.1,46.8797564687976,657,657,46.1187214611872,47.2602739726027
EPI_ISL_7533|Swine|H1N1|1977|NorthAmerica|,1977,-217.1,46.8797564687976,657,657,46.1187214611872,47.2602739726027
EPI_ISL_7899|Swine|H1N1|1934|NorthAmerica|,1934,-226.1,47.3913043478261,690,690,46.9565217391304,47.6086956521739
EPI_ISL_69955|Swine|H1N1|1931|NorthAmerica|,1931,-219.7,47.3149492017417,689,690,46.0869565217391,47.9302832244009
EPI_ISL_144640|Swine|H1N1|1931|NorthAmerica|,1931,-223.3,47.2463768115942,690,690,46.0869565217391,47.8260869565217
EPI_ISL_69966|Swine|H1N1|1942|NorthAmerica|,1942,-230.8,47.3913043478261,690,690,46.0869565217391,48.0434782608696
EPI_ISL_69971|Swine|H1N1|1931|NorthAmerica|,1931,-227.6,47.6811594202899,690,690,46.5217391304348,48.2608695652174
EPI_ISL_69972|Swine|H1N1|1931|NorthAmerica|,1931,-227.6,47.6811594202899,690,690,46.5217391304348,48.2608695652174
