EPI_ISL_199469|Swine|H1N1|1979|Europe|,1979,-564,43.901303538175,2148,2148,46.927374301676,42.3882681564246
EPI_ISL_170519|Swine|H1N1|1980|Europe|,1980,-585.2,44.1340782122905,2148,2148,47.7653631284916,42.3184357541899
EPI_ISL_539861|Swine|H1N1|1980|Europe|,1980,-584.9,44.2100328176278,2133,2133,47.5386779184248,42.5457102672293
EPI_ISL_170522|Swine|H1N1|1981.145|Europe|,1981.145,-579.6,44.2271880819367,2148,2148,48.0446927374302,42.3184357541899
EPI_ISL_170527|Swine|H1N1|1981|Europe|,1981,-580.3,44.1806331471136,2148,2148,48.0446927374302,42.2486033519553
EPI_ISL_170784|Swine|H1N1|1981|Europe|,1981,-580.3,44.1806331471136,2148,2148,48.0446927374302,42.2486033519553
EPI_ISL_170579|Swine|H1N1|1981|Europe|,1981,-580.3,44.1806331471136,2148,2148,48.0446927374302,42.2486033519553
EPI_ISL_539862|Swine|H1N1|1981|Europe|,1981,-580.3,44.1806331471136,2148,2148,48.0446927374302,42.2486033519553
EPI_ISL_170523|Swine|H1N1|1981|Europe|,1981,-584.7,44.4599627560521,2148,2148,48.6033519553073,42.3882681564246
EPI_ISL_170518|Swine|H1N1|1980|Europe|,1980,-583.8,44.366852886406,2148,2148,48.6033519553073,42.2486033519553
EPI_ISL_504556|Swine|H1N1|1998|Europe|,1998,-570.7,44.0409683426443,2148,2148,47.3463687150838,42.3882681564246
EPI_ISL_29420|Swine|H1N1|1989|Europe|,1989,-590,43.8081936685289,2148,2148,46.7877094972067,42.3184357541899
EPI_ISL_68984|Swine|H1N1|1987|Europe|,1987,-573,44.2271880819367,2148,2148,47.7653631284916,42.4581005586592
EPI_ISL_68983|Swine|H1N1|1987|Europe|,1987,-572.2,44.1340782122905,2148,2148,47.7653631284916,42.3184357541899
EPI_ISL_88365|Swine|H1N1|2005.074|Asia|,2005.074,-588.4,43.7616387337058,2148,2148,46.927374301676,42.1787709497207
EPI_ISL_29097|Swine|H1N1|1992|Europe|,1992,-579.2,43.6685288640596,2148,2148,46.7877094972067,42.108938547486
EPI_ISL_129469|Swine|H1N1|1992.101|Europe|,1992.101,-580.6,43.854748603352,2148,2148,47.4860335195531,42.0391061452514
EPI_ISL_129468|Swine|H1N1|1992.016|Europe|,1992.016,-580.6,43.8081936685289,2148,2148,47.3463687150838,42.0391061452514
EPI_ISL_199476|Swine|H1N1|1992|Europe|,1992,-578.3,43.8024231127679,2146,2148,47.2727272727273,42.0684835779175
EPI_ISL_129485|Swine|H1N1|1994.005|Europe|,1994.005,-587.4,43.7616387337058,2148,2148,47.6256983240223,41.8296089385475
EPI_ISL_29422|Swine|H1N1|1992|Europe|,1992,-580,43.901303538175,2148,2148,47.2067039106145,42.2486033519553
EPI_ISL_129479|Swine|H1N1|1999.455|Europe|,1999.455,-574.8,43.5025617140196,2147,2148,46.7132867132867,41.8994413407821
EPI_ISL_29409|Swine|H1N1|1993|Europe|,1993,-579.9,43.7616387337058,2148,2148,47.2067039106145,42.0391061452514
EPI_ISL_129501|Swine|H1N1|1995.803|Europe|,1995.803,-580.7,43.8081936685289,2148,2148,47.2067039106145,42.108938547486
EPI_ISL_129465|Swine|H1N1|2000.208|Europe|,2000.208,-583.2,43.5288640595903,2148,2148,46.2290502793296,42.1787709497207
EPI_ISL_129466|Swine|H1N1|2000.208|Europe|,2000.208,-583.4,43.5288640595903,2148,2148,46.7877094972067,41.8994413407821
EPI_ISL_195130|Swine|H1N1|2012.538|Europe|,2012.538,-586.6,43.389199255121,2148,2148,45.9497206703911,42.108938547486
EPI_ISL_195168|Swine|H1N1|2013.636|Europe|,2013.636,-584.6,43.389199255121,2148,2148,46.6480446927374,41.7597765363128
EPI_ISL_129458|Swine|H1N1|2004.686|Europe|,2004.686,-566.7,43.854748603352,2148,2148,47.3463687150838,42.108938547486
EPI_ISL_195124|Swine|H1N1|2011.896|Europe|,2011.896,-573.8,42.877094972067,2148,2148,45.6703910614525,41.4804469273743
EPI_ISL_129454|Swine|H1N1|2003.112|Europe|,2003.112,-571.1,43.6685288640596,2148,2148,46.927374301676,42.0391061452514
EPI_ISL_129453|Swine|H1N1|2001.038|Europe|,2001.038,-575.6,43.7150837988827,2148,2148,47.4860335195531,41.8296089385475
EPI_ISL_129492|Swine|H1N1|1999.863|Europe|,1999.863,-565.7,43.2495344506518,2148,2148,46.2290502793296,41.7597765363128
EPI_ISL_129483|Swine|H1N1|2001.868|Europe|,2001.868,-587.1,43.4823091247672,2148,2148,46.7877094972067,41.8296089385475
EPI_ISL_129457|Swine|H1N1|2005.753|Europe|,2005.753,-586.4,43.6219739292365,2148,2148,46.6480446927374,42.108938547486
EPI_ISL_129490|Swine|H1N1|2006.34|Europe|,2006.34,-581.2,43.3426443202979,2148,2148,46.2290502793296,41.8994413407821
EPI_ISL_199472|Swine|H1N1|2006|Europe|,2006,-581.2,43.3426443202979,2148,2148,46.2290502793296,41.8994413407821
EPI_ISL_129455|Swine|H1N1|1997.31|Europe|,1997.31,-580.1,43.6888681881695,2147,2148,46.993006993007,42.0391061452514
EPI_ISL_129502|Swine|H1N1|1995.923|Europe|,1995.923,-584.4,43.7150837988827,2148,2148,46.927374301676,42.108938547486
EPI_ISL_129499|Swine|H1N1|1998.882|Europe|,1998.882,-581.2,44.0409683426443,2148,2148,47.9050279329609,42.108938547486
EPI_ISL_129467|Swine|H1N1|1998.17|Europe|,1998.17,-583.2,43.6685288640596,2148,2148,46.3687150837989,42.3184357541899
EPI_ISL_129487|Swine|H1N1|1994.101|Europe|,1994.101,-580.5,43.7150837988827,2148,2148,47.0670391061453,42.0391061452514
EPI_ISL_129471|Swine|H1N1|1992.792|Europe|,1992.792,-578.9,43.854748603352,2148,2148,46.927374301676,42.3184357541899
EPI_ISL_129482|Swine|H1N1|2005.266|Europe|,2005.266,-587.9,43.4823091247672,2148,2148,46.0893854748603,42.1787709497207
EPI_ISL_129472|Swine|H1N1|2002.175|Europe|,2002.175,-586,43.3628318584071,2147,2148,46.013986013986,42.0391061452514
EPI_ISL_29416|Swine|H1N1|1999|Europe|,1999,-565.4,43.6219739292365,2148,2148,47.2067039106145,41.8296089385475
EPI_ISL_129478|Swine|H1N1|2006.195|Europe|,2006.195,-584.1,43.6219739292365,2148,2148,46.6480446927374,42.108938547486
EPI_ISL_129451|Swine|H1N1|2007.847|Europe|,2007.847,-573.5,43.2495344506518,2148,2148,45.8100558659218,41.9692737430168
EPI_ISL_195119|Swine|H1N1|2007.142|Europe|,2007.142,-581.5,43.4823091247672,2148,2148,46.0893854748603,42.1787709497207
EPI_ISL_129474|Swine|H1N1|1993.173|Europe|,1993.173,-576.2,43.9478584729981,2148,2148,47.9050279329609,41.9692737430168
EPI_ISL_29410|Swine|H1N1|1994|Europe|,1994,-586.2,43.8081936685289,2148,2148,47.3463687150838,42.0391061452514
EPI_ISL_195096|Swine|H1N1|1994.011|Europe|,1994.011,-583.7,43.901303538175,2148,2148,47.7653631284916,41.9692737430168
EPI_ISL_29415|Swine|H1N1|1998|Europe|,1998,-585.5,43.901303538175,2148,2148,48.0446927374302,41.8296089385475
EPI_ISL_129473|Swine|H1N1|1998.458|Europe|,1998.458,-588.5,43.854748603352,2148,2148,47.9050279329609,41.8296089385475
EPI_ISL_129464|Swine|H1N1|1997.962|Europe|,1997.962,-579.8,43.8081936685289,2148,2148,47.7653631284916,41.8296089385475
EPI_ISL_29414|Swine|H1N1|1997|Europe|,1997,-593,43.6219739292365,2148,2148,47.3463687150838,41.7597765363128
EPI_ISL_129496|Swine|H1N1|1996.814|Europe|,1996.814,-592.8,43.9478584729981,2148,2148,48.0446927374302,41.8994413407821
EPI_ISL_29419|Swine|H1N1|1985|Europe|,1985,-586.8,44.366852886406,2148,2148,48.7430167597765,42.1787709497207
EPI_ISL_29421|Swine|H1N1|1991|Europe|,1991,-581.4,43.6685288640596,2148,2148,46.6480446927374,42.1787709497207
EPI_ISL_95804|Swine|H1N1|1994|Europe|,1994,-579.8,43.8081936685289,2148,2148,47.0670391061453,42.1787709497207
EPI_ISL_129521|Swine|H1N1|1998|Europe|,1998,-569.3,43.8956197576887,2146,2148,47.7653631284916,41.958041958042
EPI_ISL_129518|Swine|H1N1|1995|Europe|,1995,-584.8,43.4357541899441,2148,2148,46.2290502793296,42.0391061452514
EPI_ISL_29412|Swine|H1N1|1995|Europe|,1995,-569.4,43.3426443202979,2148,2148,45.391061452514,42.3184357541899
EPI_ISL_129517|Swine|H1N1|1995|Europe|,1995,-564.8,43.2960893854749,2148,2148,45.391061452514,42.2486033519553
EPI_ISL_29424|Swine|H1N1|1993|Europe|,1993,-579.3,43.9944134078212,2148,2148,47.9050279329609,42.0391061452514
EPI_ISL_199470|Swine|H1N1|1998|Europe|,1998,-566.4,43.6219739292365,2148,2148,46.6480446927374,42.108938547486
EPI_ISL_504584|Swine|H1N1|2005.975|Europe|,2005.975,-566.6,43.0167597765363,2148,2148,44.6927374301676,42.1787709497207
EPI_ISL_504579|Swine|H1N1|2005.868|Europe|,2005.868,-557.44,42.5977653631285,2148,2148,44.1340782122905,41.8296089385475
EPI_ISL_195172|Swine|H1N1|2013.058|Europe|,2013.058,-582.8,42.7839851024209,2148,2148,43.9944134078212,42.1787709497207
EPI_ISL_195162|Swine|H1N1|2012.385|Europe|,2012.385,-565.6,42.5512104283054,2148,2148,43.4357541899441,42.108938547486
EPI_ISL_195163|Swine|H1N1|2012.033|Europe|,2012.033,-552.5,42.6908752327747,2148,2148,44.1340782122905,41.9692737430168
EPI_ISL_504674|Swine|H1N1|2009.233|Europe|,2009.233,-564.4,42.8305400372439,2148,2148,44.6927374301676,41.8994413407821
EPI_ISL_504595|Swine|H1N1|2006.677|Europe|,2006.677,-567.9,42.9436422915696,2147,2148,44.8951048951049,41.9692737430168
EPI_ISL_504750|Swine|H1N1|2011.619|Europe|,2011.619,-561.8,42.5512104283054,2148,2148,43.1564245810056,42.2486033519553
EPI_ISL_504767|Swine|H1N1|2011.836|Europe|,2011.836,-570.34,42.8305400372439,2148,2148,45.5307262569832,41.4804469273743
EPI_ISL_504765|Swine|H1N1|2011.833|Europe|,2011.833,-570.24,42.7374301675978,2148,2148,45.391061452514,41.4106145251397
EPI_ISL_504807|Swine|H1N1|2012.26|Europe|,2012.26,-569.24,42.5046554934823,2148,2148,44.6927374301676,41.4106145251397
EPI_ISL_504768|Swine|H1N1|2011.855|Europe|,2011.855,-569.44,42.6908752327747,2148,2148,45.391061452514,41.340782122905
EPI_ISL_504784|Swine|H1N1|2012.049|Europe|,2012.049,-569.34,42.5977653631285,2148,2148,45.2513966480447,41.2709497206704
EPI_ISL_504775|Swine|H1N1|2011.948|Europe|,2011.948,-569.24,42.6908752327747,2148,2148,45.391061452514,41.340782122905
EPI_ISL_504752|Swine|H1N1|2011.641|Europe|,2011.641,-571.24,42.7374301675978,2148,2148,44.9720670391061,41.6201117318436
EPI_ISL_504747|Swine|H1N1|2011.562|Europe|,2011.562,-563.24,42.6443202979516,2148,2148,44.9720670391061,41.4804469273743
EPI_ISL_504740|Swine|H1N1|2011.392|Europe|,2011.392,-568.64,42.7374301675978,2148,2148,45.1117318435754,41.5502793296089
EPI_ISL_504811|Swine|H1N1|2012.481|Europe|,2012.481,-569.34,42.6443202979516,2148,2148,44.9720670391061,41.4804469273743
EPI_ISL_4081781|Swine|H1N1|2019|Europe|,2019,-561.7,43.2495344506518,2148,2148,46.7877094972067,41.4804469273743
EPI_ISL_430866|Swine|H1N1|2019.729|Europe|,2019.729,-566.9,43.3426443202979,2148,2148,46.927374301676,41.5502793296089
EPI_ISL_504824|Swine|H1N1|2013.655|Europe|,2013.655,-561.74,42.5977653631285,2148,2148,45.1117318435754,41.340782122905
EPI_ISL_195088|Swine|H1N1|2012.046|Europe|,2012.046,-569.94,42.5046554934823,2148,2148,44.6927374301676,41.4106145251397
EPI_ISL_504793|Swine|H1N1|2012.085|Europe|,2012.085,-569.94,42.5046554934823,2148,2148,44.6927374301676,41.4106145251397
EPI_ISL_504763|Swine|H1N1|2011.816|Europe|,2011.816,-566.24,42.6443202979516,2148,2148,44.9720670391061,41.4804469273743
EPI_ISL_504769|Swine|H1N1|2011.855|Europe|,2011.855,-568.14,42.6908752327747,2148,2148,44.9720670391061,41.5502793296089
EPI_ISL_504820|Swine|H1N1|2013.468|Europe|,2013.468,-565.14,42.5512104283054,2148,2148,44.4134078212291,41.6201117318436
EPI_ISL_504753|Swine|H1N1|2011.644|Europe|,2011.644,-563.64,42.6908752327747,2148,2148,44.8324022346369,41.6201117318436
EPI_ISL_504751|Swine|H1N1|2011.63|Europe|,2011.63,-563.64,42.6908752327747,2148,2148,44.8324022346369,41.6201117318436
EPI_ISL_504792|Swine|H1N1|2012.085|Europe|,2012.085,-563.84,42.5977653631285,2148,2148,44.8324022346369,41.4804469273743
EPI_ISL_504826|Swine|H1N1|2013.751|Europe|,2013.751,-571.94,42.7374301675978,2148,2148,44.9720670391061,41.6201117318436
EPI_ISL_504803|Swine|H1N1|2012.219|Europe|,2012.219,-567.64,42.6908752327747,2148,2148,44.8324022346369,41.6201117318436
EPI_ISL_504789|Swine|H1N1|2012.079|Europe|,2012.079,-567.44,42.5977653631285,2148,2148,44.6927374301676,41.5502793296089
EPI_ISL_504790|Swine|H1N1|2012.066|Europe|,2012.066,-564.64,42.5512104283054,2148,2148,44.8324022346369,41.4106145251397
EPI_ISL_195085|Swine|H1N1|2012.003|Europe|,2012.003,-569.34,42.6443202979516,2148,2148,44.6927374301676,41.6201117318436
EPI_ISL_504780|Swine|H1N1|2011.951|Europe|,2011.951,-565.44,42.5977653631285,2148,2148,44.6927374301676,41.5502793296089
EPI_ISL_504799|Swine|H1N1|2012.128|Europe|,2012.128,-569.44,42.5977653631285,2148,2148,44.6927374301676,41.5502793296089
EPI_ISL_504808|Swine|H1N1|2012.29|Europe|,2012.29,-565.34,42.6443202979516,2148,2148,44.8324022346369,41.5502793296089
EPI_ISL_504809|Swine|H1N1|2012.295|Europe|,2012.295,-566.64,42.8305400372439,2148,2148,45.2513966480447,41.6201117318436
EPI_ISL_504741|Swine|H1N1|2011.397|Europe|,2011.397,-565.74,42.7839851024209,2148,2148,45.1117318435754,41.6201117318436
EPI_ISL_195004|Swine|H1N1|2011.244|Europe|,2011.244,-564.44,42.5512104283054,2148,2148,44.8324022346369,41.4106145251397
EPI_ISL_504794|Swine|H1N1|2012.098|Europe|,2012.098,-572.04,42.6443202979516,2148,2148,44.8324022346369,41.5502793296089
EPI_ISL_504804|Swine|H1N1|2012.227|Europe|,2012.227,-569.34,42.6908752327747,2148,2148,44.9720670391061,41.5502793296089
EPI_ISL_504764|Swine|H1N1|2011.836|Europe|,2011.836,-559.84,42.4581005586592,2148,2148,44.5530726256983,41.4106145251397
EPI_ISL_504832|Swine|H1N1|2014.148|Europe|,2014.148,-558.64,42.1787709497207,2148,2148,43.854748603352,41.340782122905
EPI_ISL_504855|Swine|H1N1|2014.94|Europe|,2014.94,-568.24,42.4581005586592,2148,2148,44.4134078212291,41.4804469273743
EPI_ISL_504834|Swine|H1N1|2014.175|Europe|,2014.175,-564.34,42.7839851024209,2148,2148,45.2513966480447,41.5502793296089
EPI_ISL_504777|Swine|H1N1|2011.934|Europe|,2011.934,-558.8,42.5046554934823,2148,2148,45.1117318435754,41.2011173184358
EPI_ISL_504795|Swine|H1N1|2012.107|Europe|,2012.107,-565.74,42.7374301675978,2148,2148,45.2513966480447,41.4804469273743
EPI_ISL_504821|Swine|H1N1|2013.496|Europe|,2013.496,-560.94,42.5512104283054,2148,2148,44.8324022346369,41.4106145251397
EPI_ISL_195040|Swine|H1N1|2012.025|Europe|,2012.025,-564.64,42.6443202979516,2148,2148,44.9720670391061,41.4804469273743
EPI_ISL_504812|Swine|H1N1|2013.016|Europe|,2013.016,-558.3,42.5512104283054,2148,2148,43.9944134078212,41.8296089385475
EPI_ISL_504830|Swine|H1N1|2014.093|Europe|,2014.093,-564.8,42.6908752327747,2148,2148,44.6927374301676,41.6899441340782
EPI_ISL_245702|Swine|H1N1|2014|Europe|,2014,-568.94,42.6908752327747,2148,2148,44.6927374301676,41.6899441340782
EPI_ISL_504847|Swine|H1N1|2014.808|Europe|,2014.808,-569.34,42.6908752327747,2148,2148,44.8324022346369,41.6201117318436
EPI_ISL_504835|Swine|H1N1|2014.225|Europe|,2014.225,-573.84,42.9236499068901,2148,2148,46.0893854748603,41.340782122905
EPI_ISL_504813|Swine|H1N1|2013.036|Europe|,2013.036,-568.54,42.5977653631285,2148,2148,44.9720670391061,41.4106145251397
EPI_ISL_504822|Swine|H1N1|2013.496|Europe|,2013.496,-570.3,42.4581005586592,2148,2148,44.1340782122905,41.6201117318436
EPI_ISL_504726|Swine|H1N1|2010.89|Europe|,2010.89,-564.5,42.9902189101071,2147,2148,45.034965034965,41.9692737430168
EPI_ISL_504787|Swine|H1N1|2012.063|Europe|,2012.063,-554.84,42.364990689013,2148,2148,43.9944134078212,41.5502793296089
EPI_ISL_504779|Swine|H1N1|2011.951|Europe|,2011.951,-554.8,42.1322160148976,2148,2148,43.4357541899441,41.4804469273743
EPI_ISL_502550|Swine|H1N1|2015.107|Europe|,2015.107,-567,43.0367955286446,2147,2148,45.9497206703911,41.5793151642208
EPI_ISL_195160|Swine|H1N1|2013.058|Europe|,2013.058,-572.2,43.0633147113594,2148,2148,45.9497206703911,41.6201117318436
EPI_ISL_502448|Swine|H1N1|2013.268|Europe|,2013.268,-572.2,43.0833721471821,2147,2148,45.9497206703911,41.6491963661775
EPI_ISL_504616|Swine|H1N1|2007.277|Europe|,2007.277,-563.8,42.9702048417132,2148,2148,45.391061452514,41.7597765363128
EPI_ISL_71595|Swine|H1N1|2009|Europe|,2009,-561.4,42.4115456238361,2148,2148,43.854748603352,41.6899441340782
EPI_ISL_504586|Swine|H1N1|2006.03|Europe|,2006.03,-570.6,43.1098696461825,2148,2148,45.2513966480447,42.0391061452514
EPI_ISL_504661|Swine|H1N1|2009.03|Europe|,2009.03,-558.64,42.7374301675978,2148,2148,44.8324022346369,41.6899441340782
EPI_ISL_504602|Swine|H1N1|2006.789|Europe|,2006.789,-567.2,42.9702048417132,2148,2148,45.1117318435754,41.8994413407821
EPI_ISL_129510|Swine|H1N1|2009|Europe|,2009,-557.34,42.9236499068901,2148,2148,44.8324022346369,41.9692737430168
EPI_ISL_504580|Swine|H1N1|2005.888|Europe|,2005.888,-569.8,42.9236499068901,2148,2148,44.9720670391061,41.8994413407821
EPI_ISL_499129|Swine|H1N1|2016.15|Europe|,2016.15,-553,42.5046554934823,2148,2148,44.4134078212291,41.5502793296089
EPI_ISL_504559|Swine|H1N1|2004.24|Europe|,2004.24,-576.3,43.2029795158287,2148,2148,45.1117318435754,42.2486033519553
EPI_ISL_5203|Swine|H1N1|2003|Europe|,2003,-568.5,43.2495344506518,2148,2148,45.391061452514,42.1787709497207
EPI_ISL_308752|Swine|H1N1|2018.315|Europe|,2018.315,-569.6,43.389199255121,2148,2148,46.5083798882682,41.8296089385475
EPI_ISL_13578|Swine|H1N1|2003|Europe|,2003,-591.8,43.4357541899441,2148,2148,45.9497206703911,42.1787709497207
EPI_ISL_504558|Swine|H1N1|2004.153|Europe|,2004.153,-589,43.6219739292365,2148,2148,46.0893854748603,42.3882681564246
EPI_ISL_129529|Swine|H1N1|2000|Europe|,2000,-578.2,43.5754189944134,2148,2148,46.6480446927374,42.0391061452514
EPI_ISL_129448|Swine|H1N1|2000|Europe|,2000,-574.8,43.5288640595903,2148,2148,46.3687150837989,42.108938547486
EPI_ISL_2481|Swine|H1N1|1999|Europe|,1999,-582.1,43.854748603352,2148,2148,47.2067039106145,42.1787709497207
EPI_ISL_129515|Swine|H1N1|1999|Europe|,1999,-582.1,43.854748603352,2148,2148,47.2067039106145,42.1787709497207
EPI_ISL_88346|Swine|H1N1|2003.099|Asia|,2003.099,-579.5,43.6219739292365,2148,2148,46.927374301676,41.9692737430168
EPI_ISL_88348|Swine|H1N1|2003.482|Asia|,2003.482,-573.6,43.5288640595903,2148,2148,46.3687150837989,42.108938547486
EPI_ISL_88359|Swine|H1N1|2004.287|Asia|,2004.287,-581.7,43.4357541899441,2148,2148,46.5083798882682,41.8994413407821
EPI_ISL_88361|Swine|H1N1|2004.721|Asia|,2004.721,-574.2,43.3426443202979,2148,2148,46.5083798882682,41.7597765363128
EPI_ISL_88373|Swine|H1N1|2006.236|Asia|,2006.236,-575.3,43.4357541899441,2148,2148,46.5083798882682,41.8994413407821
EPI_ISL_88374|Swine|H1N1|2006.236|Asia|,2006.236,-569.2,43.2495344506518,2148,2148,45.6703910614525,42.0391061452514
EPI_ISL_88384|Swine|H1N1|2008.369|Asia|,2008.369,-568.6,42.9236499068901,2148,2148,44.9720670391061,41.8994413407821
EPI_ISL_88370|Swine|H1N1|2005.929|Asia|,2005.929,-563.5,43.1098696461825,2148,2148,45.2513966480447,42.0391061452514
EPI_ISL_88382|Swine|H1N1|2007.31|Asia|,2007.31,-578.7,43.2495344506518,2148,2148,45.5307262569832,42.108938547486
EPI_ISL_88375|Swine|H1N1|2006.312|Asia|,2006.312,-568.1,43.2960893854749,2148,2148,45.8100558659218,42.0391061452514
EPI_ISL_169567|Swine|H1N1|2012.366|Asia|,2012.366,-571.1,43.389199255121,2148,2148,46.6480446927374,41.7597765363128
EPI_ISL_248319|Swine|H1N1|2012.366|Asia|,2012.366,-571.1,43.389199255121,2148,2148,46.6480446927374,41.7597765363128
EPI_ISL_169566|Swine|H1N1|2012.366|Asia|,2012.366,-572.7,43.389199255121,2148,2148,46.5083798882682,41.8296089385475
EPI_ISL_248318|Swine|H1N1|2012.366|Asia|,2012.366,-572.7,43.389199255121,2148,2148,46.5083798882682,41.8296089385475
EPI_ISL_129863|Swine|H1N1|2011.981|Asia|,2011.981,-563,43.1098696461825,2148,2148,45.6703910614525,41.8296089385475
EPI_ISL_129865|Swine|H1N1|2011.932|Asia|,2011.932,-561.9,43.1564245810056,2148,2148,45.6703910614525,41.8994413407821
EPI_ISL_129861|Swine|H1N1|2011.882|Asia|,2011.882,-565,43.1564245810056,2148,2148,45.6703910614525,41.8994413407821
EPI_ISL_129864|Swine|H1N1|2012.153|Asia|,2012.153,-563,43.1098696461825,2148,2148,45.6703910614525,41.8296089385475
EPI_ISL_169563|Swine|H1N1|2011.014|Asia|,2011.014,-571.6,43.0633147113594,2148,2148,45.391061452514,41.8994413407821
EPI_ISL_282074|Swine|H1N1|2013.666|Asia|,2013.666,-558.7,42.9436422915696,2147,2148,45.6703910614525,41.5793151642208
EPI_ISL_282075|Swine|H1N1|2013.329|Asia|,2013.329,-562.4,43.0633147113594,2148,2148,45.391061452514,41.8994413407821
EPI_ISL_505453|Swine|H1N1|2015.956|Asia|,2015.956,-562.6,43.2029795158287,2148,2148,46.2290502793296,41.6899441340782
EPI_ISL_505452|Swine|H1N1|2015.956|Asia|,2015.956,-561.5,43.1098696461825,2148,2148,46.0893854748603,41.6201117318436
EPI_ISL_505441|Swine|H1N1|2015.94|Asia|,2015.94,-562.6,43.2029795158287,2148,2148,46.2290502793296,41.6899441340782
EPI_ISL_505434|Swine|H1N1|2015.882|Asia|,2015.882,-562.6,43.2029795158287,2148,2148,46.2290502793296,41.6899441340782
EPI_ISL_505435|Swine|H1N1|2016.896|Asia|,2016.896,-562.6,43.2029795158287,2148,2148,46.2290502793296,41.6899441340782
EPI_ISL_505442|Swine|H1N1|2015.934|Asia|,2015.934,-562.6,43.1564245810056,2148,2148,46.0893854748603,41.6899441340782
EPI_ISL_505433|Swine|H1N1|2014.937|Asia|,2014.937,-563.8,43.1098696461825,2148,2148,45.8100558659218,41.7597765363128
EPI_ISL_109817|Swine|H1N1|2010.915|Asia|,2010.915,-567.7,43.0633147113594,2148,2148,45.8100558659218,41.6899441340782
EPI_ISL_109822|Swine|H1N1|2010.915|Asia|,2010.915,-567.7,43.0633147113594,2148,2148,45.8100558659218,41.6899441340782
EPI_ISL_482246|Swine|H1N1|2012.085|Asia|,2012.085,-559.7,42.9902189101071,2147,2148,45.391061452514,41.7889587700908
EPI_ISL_482243|Swine|H1N1|2011.748|Asia|,2011.748,-561,42.9702048417132,2148,2148,45.391061452514,41.7597765363128
EPI_ISL_4081618|Swine|H1N1|2013|Asia|,2013,-569,43.1034482758621,2146,2148,45.8100558659218,41.7482517482517
EPI_ISL_157893|Swine|H1N1|2013.044|Asia|,2013.044,-571.5,43.0633147113594,2148,2148,45.6703910614525,41.7597765363128
EPI_ISL_4081620|Swine|H1N1|2013|Asia|,2013,-563.7,43.3426443202979,2148,2148,46.6480446927374,41.6899441340782
EPI_ISL_4081619|Swine|H1N1|2013|Asia|,2013,-572.3,43.1098696461825,2148,2148,45.6703910614525,41.8296089385475
EPI_ISL_482245|Swine|H1N1|2011.748|Asia|,2011.748,-566.3,43.0167597765363,2148,2148,45.5307262569832,41.7597765363128
EPI_ISL_109824|Swine|H1N1|2010.915|Asia|,2010.915,-576.1,43.2960893854749,2148,2148,46.0893854748603,41.8994413407821
EPI_ISL_148290|Swine|H1N1|2011.096|Asia|,2011.096,-571.1,43.0633147113594,2148,2148,45.391061452514,41.8994413407821
EPI_ISL_91852|Swine|H1N1|2011.096|Asia|,2011.096,-575.1,43.389199255121,2148,2148,46.3687150837989,41.8994413407821
EPI_ISL_148289|Swine|H1N1|2011.096|Asia|,2011.096,-575.1,43.389199255121,2148,2148,46.3687150837989,41.8994413407821
EPI_ISL_148287|Swine|H1N1|2011.047|Asia|,2011.047,-575.1,43.389199255121,2148,2148,46.3687150837989,41.8994413407821
EPI_ISL_91851|Swine|H1N1|2011.096|Asia|,2011.096,-574,43.3426443202979,2148,2148,46.3687150837989,41.8296089385475
EPI_ISL_148288|Swine|H1N1|2011.096|Asia|,2011.096,-574,43.3426443202979,2148,2148,46.3687150837989,41.8296089385475
EPI_ISL_169571|Swine|H1N1|2011.871|Asia|,2011.871,-565.9,43.1098696461825,2148,2148,45.5307262569832,41.8994413407821
EPI_ISL_248321|Swine|H1N1|2011.871|Asia|,2011.871,-565.9,43.1098696461825,2148,2148,45.5307262569832,41.8994413407821
EPI_ISL_109831|Swine|H1N1|2011|Asia|,2011,-557.8,43.2495344506518,2148,2148,46.2290502793296,41.7597765363128
EPI_ISL_109827|Swine|H1N1|2011|Asia|,2011,-557.8,43.2495344506518,2148,2148,46.2290502793296,41.7597765363128
EPI_ISL_109825|Swine|H1N1|2011|Asia|,2011,-557.5,43.2029795158287,2148,2148,46.0893854748603,41.7597765363128
EPI_ISL_169565|Swine|H1N1|2012.852|Asia|,2012.852,-565.1,42.9236499068901,2148,2148,45.5307262569832,41.6201117318436
EPI_ISL_248316|Swine|H1N1|2012.852|Asia|,2012.852,-565.1,42.9236499068901,2148,2148,45.5307262569832,41.6201117318436
EPI_ISL_169584|Swine|H1N1|2011.871|Asia|,2011.871,-560.4,43.2029795158287,2148,2148,46.2290502793296,41.6899441340782
EPI_ISL_248335|Swine|H1N1|2011.871|Asia|,2011.871,-560.4,43.2029795158287,2148,2148,46.2290502793296,41.6899441340782
EPI_ISL_169573|Swine|H1N1|2013.038|Asia|,2013.038,-561,43.2495344506518,2148,2148,45.8100558659218,41.9692737430168
EPI_ISL_248322|Swine|H1N1|2013.038|Asia|,2013.038,-561,43.2495344506518,2148,2148,45.8100558659218,41.9692737430168
EPI_ISL_169572|Swine|H1N1|2013.038|Asia|,2013.038,-574.3,43.2029795158287,2148,2148,45.8100558659218,41.8994413407821
EPI_ISL_248324|Swine|H1N1|2013.038|Asia|,2013.038,-574.3,43.2029795158287,2148,2148,45.8100558659218,41.8994413407821
EPI_ISL_169575|Swine|H1N1|2013.036|Asia|,2013.036,-578.8,43.2495344506518,2148,2148,45.9497206703911,41.8994413407821
EPI_ISL_248326|Swine|H1N1|2013.036|Asia|,2013.036,-578.8,43.2495344506518,2148,2148,45.9497206703911,41.8994413407821
EPI_ISL_169574|Swine|H1N1|2013.038|Asia|,2013.038,-574.3,43.2029795158287,2148,2148,45.8100558659218,41.8994413407821
EPI_ISL_248325|Swine|H1N1|2013.038|Asia|,2013.038,-574.3,43.2029795158287,2148,2148,45.8100558659218,41.8994413407821
EPI_ISL_169570|Swine|H1N1|2013.036|Asia|,2013.036,-577.1,43.2029795158287,2148,2148,45.6703910614525,41.9692737430168
EPI_ISL_169555|Swine|H1N1|2013.038|Asia|,2013.038,-576.9,43.2495344506518,2148,2148,45.8100558659218,41.9692737430168
EPI_ISL_248323|Swine|H1N1|2013.038|Asia|,2013.038,-577.1,43.2029795158287,2148,2148,45.6703910614525,41.9692737430168
EPI_ISL_248172|Swine|H1N1|2013.038|Asia|,2013.038,-576.9,43.2495344506518,2148,2148,45.8100558659218,41.9692737430168
EPI_ISL_169578|Swine|H1N1|2012.866|Asia|,2012.866,-568.2,42.9702048417132,2148,2148,45.391061452514,41.7597765363128
EPI_ISL_248329|Swine|H1N1|2012.866|Asia|,2012.866,-568.2,42.9702048417132,2148,2148,45.391061452514,41.7597765363128
EPI_ISL_256370|Swine|H1N1|2015.438|Asia|,2015.438,-565.4,43.0167597765363,2148,2148,44.8324022346369,42.108938547486
EPI_ISL_167155|Swine|H1N1|2014.008|Asia|,2014.008,-573.4,43.0167597765363,2148,2148,45.2513966480447,41.8994413407821
EPI_ISL_169564|Swine|H1N1|2011.014|Asia|,2011.014,-569.5,43.389199255121,2148,2148,46.5083798882682,41.8296089385475
EPI_ISL_248315|Swine|H1N1|2011.014|Asia|,2011.014,-569.5,43.389199255121,2148,2148,46.5083798882682,41.8296089385475
EPI_ISL_482228|Swine|H1N1|2011.666|Asia|,2011.666,-565.2,43.389199255121,2148,2148,46.6480446927374,41.7597765363128
EPI_ISL_169588|Swine|H1N1|2011.871|Asia|,2011.871,-572.7,43.4357541899441,2148,2148,46.6480446927374,41.8296089385475
EPI_ISL_248339|Swine|H1N1|2011.871|Asia|,2011.871,-572.7,43.4357541899441,2148,2148,46.6480446927374,41.8296089385475
EPI_ISL_169586|Swine|H1N1|2011.871|Asia|,2011.871,-575.6,43.4823091247672,2148,2148,46.6480446927374,41.8994413407821
EPI_ISL_248337|Swine|H1N1|2011.871|Asia|,2011.871,-575.6,43.4823091247672,2148,2148,46.6480446927374,41.8994413407821
EPI_ISL_109832|Swine|H1N1|2011|Asia|,2011,-561.6,43.2495344506518,2148,2148,46.2290502793296,41.7597765363128
EPI_ISL_109823|Swine|H1N1|2010.915|Asia|,2010.915,-565,43.3426443202979,2148,2148,46.0893854748603,41.9692737430168
EPI_ISL_482256|Swine|H1N1|2011|Asia|,2011,-569.3,43.2495344506518,2148,2148,46.3687150837989,41.6899441340782
EPI_ISL_482239|Swine|H1N1|2013.833|Asia|,2013.833,-563.7,43.2960893854749,2148,2148,46.3687150837989,41.7597765363128
EPI_ISL_169561|Swine|H1N1|2013.038|Asia|,2013.038,-566.4,43.1098696461825,2148,2148,45.9497206703911,41.6899441340782
EPI_ISL_248171|Swine|H1N1|2013.038|Asia|,2013.038,-566.4,43.1098696461825,2148,2148,45.9497206703911,41.6899441340782
EPI_ISL_222082|Swine|H1N1|2012.79|Asia|,2012.79,-564,43.2029795158287,2148,2148,46.0893854748603,41.7597765363128
EPI_ISL_169583|Swine|H1N1|2012.863|Asia|,2012.863,-574.4,43.2960893854749,2148,2148,46.2290502793296,41.8296089385475
EPI_ISL_248333|Swine|H1N1|2012.863|Asia|,2012.863,-574.4,43.2960893854749,2148,2148,46.2290502793296,41.8296089385475
EPI_ISL_169582|Swine|H1N1|2012.863|Asia|,2012.863,-574.4,43.2960893854749,2148,2148,46.2290502793296,41.8296089385475
EPI_ISL_248334|Swine|H1N1|2012.863|Asia|,2012.863,-574.4,43.2960893854749,2148,2148,46.2290502793296,41.8296089385475
EPI_ISL_129862|Swine|H1N1|2012.186|Asia|,2012.186,-565.8,43.2029795158287,2148,2148,45.9497206703911,41.8296089385475
EPI_ISL_129866|Swine|H1N1|2012.011|Asia|,2012.011,-569.4,43.0633147113594,2148,2148,45.5307262569832,41.8296089385475
EPI_ISL_539868|Swine|H1N1|2011|Asia|,2011,-562.6,43.0379746835443,2133,2133,45.4289732770745,41.8424753867792
EPI_ISL_109818|Swine|H1N1|2010.915|Asia|,2010.915,-563,43.2960893854749,2148,2148,46.0893854748603,41.8994413407821
EPI_ISL_109830|Swine|H1N1|2011|Asia|,2011,-562.1,43.3426443202979,2148,2148,46.2290502793296,41.8994413407821
EPI_ISL_109829|Swine|H1N1|2011|Asia|,2011,-557.8,43.2495344506518,2148,2148,46.2290502793296,41.7597765363128
EPI_ISL_109828|Swine|H1N1|2011|Asia|,2011,-562.1,43.3426443202979,2148,2148,46.2290502793296,41.8994413407821
EPI_ISL_123553|Swine|H1N1|2011.022|Asia|,2011.022,-563.4,43.2960893854749,2148,2148,46.2290502793296,41.8296089385475
EPI_ISL_222083|Swine|H1N1|2012.79|Asia|,2012.79,-563.4,43.2960893854749,2148,2148,46.2290502793296,41.8296089385475
EPI_ISL_169562|Swine|H1N1|2011.175|Asia|,2011.175,-563.4,43.2960893854749,2148,2148,46.2290502793296,41.8296089385475
EPI_ISL_248173|Swine|H1N1|2011.175|Asia|,2011.175,-563.4,43.2960893854749,2148,2148,46.2290502793296,41.8296089385475
EPI_ISL_109821|Swine|H1N1|2010.915|Asia|,2010.915,-563,43.2960893854749,2148,2148,46.0893854748603,41.8994413407821
EPI_ISL_482226|Swine|H1N1|2011.833|Asia|,2011.833,-568.5,43.3426443202979,2148,2148,46.5083798882682,41.7597765363128
EPI_ISL_482267|Swine|H1N1|2012.085|Asia|,2012.085,-561.4,43.2495344506518,2148,2148,46.6480446927374,41.5502793296089
EPI_ISL_169568|Swine|H1N1|2011.773|Asia|,2011.773,-556.4,43.0633147113594,2148,2148,45.9497206703911,41.6201117318436
EPI_ISL_248320|Swine|H1N1|2011.858|Asia|,2011.858,-556.4,43.0633147113594,2148,2148,45.9497206703911,41.6201117318436
EPI_ISL_169577|Swine|H1N1|2011.277|Asia|,2011.277,-557.8,43.1564245810056,2148,2148,46.2290502793296,41.6201117318436
EPI_ISL_248328|Swine|H1N1|2011.277|Asia|,2011.277,-557.8,43.1564245810056,2148,2148,46.2290502793296,41.6201117318436
EPI_ISL_482233|Swine|H1N1|2012|Asia|,2012,-564.1,43.2495344506518,2148,2148,46.3687150837989,41.6899441340782
EPI_ISL_169580|Swine|H1N1|2012.904|Asia|,2012.904,-560.5,43.2495344506518,2148,2148,46.3687150837989,41.6899441340782
EPI_ISL_248332|Swine|H1N1|2012.904|Asia|,2012.904,-560.5,43.2495344506518,2148,2148,46.3687150837989,41.6899441340782
EPI_ISL_169579|Swine|H1N1|2012.904|Asia|,2012.904,-561.5,43.2960893854749,2148,2148,46.5083798882682,41.6899441340782
EPI_ISL_248331|Swine|H1N1|2012.904|Asia|,2012.904,-561.5,43.2960893854749,2148,2148,46.5083798882682,41.6899441340782
EPI_ISL_169581|Swine|H1N1|2012.904|Asia|,2012.904,-561.5,43.2960893854749,2148,2148,46.5083798882682,41.6899441340782
EPI_ISL_248330|Swine|H1N1|2012.904|Asia|,2012.904,-561.5,43.2960893854749,2148,2148,46.5083798882682,41.6899441340782
EPI_ISL_379470|Swine|H1N1|2012.995|Asia|,2012.995,-565.5,43.4357541899441,2148,2148,46.5083798882682,41.8994413407821
EPI_ISL_109826|Swine|H1N1|2011|Asia|,2011,-572.3,43.2495344506518,2148,2148,46.0893854748603,41.8296089385475
EPI_ISL_109816|Swine|H1N1|2010.833|Asia|,2010.833,-573.4,43.3426443202979,2148,2148,46.6480446927374,41.6899441340782
EPI_ISL_109815|Swine|H1N1|2010.833|Asia|,2010.833,-551.3,43.3802816901408,2130,2148,46.5149359886202,41.8360196215837
EPI_ISL_387114|Swine|H1N1|2013.885|Asia|,2013.885,-573.7,42.7374301675978,2148,2148,44.5530726256983,41.8296089385475
EPI_ISL_132836|Swine|H1N1|2010|Asia|,2010,-567.7,43.2960893854749,2148,2148,46.5083798882682,41.6899441340782
EPI_ISL_482251|Swine|H1N1|2011|Asia|,2011,-556.2,43.0167597765363,2148,2148,45.8100558659218,41.6201117318436
EPI_ISL_482248|Swine|H1N1|2011|Asia|,2011,-554.7,42.9236499068901,2148,2148,45.5307262569832,41.6201117318436
EPI_ISL_88388|Swine|H1N1|2008.962|Asia|,2008.962,-571.3,43.2495344506518,2148,2148,46.3687150837989,41.6899441340782
EPI_ISL_88392|Swine|H1N1|2009.096|Asia|,2009.096,-573.6,43.2495344506518,2148,2148,45.6703910614525,42.0391061452514
EPI_ISL_109820|Swine|H1N1|2010.915|Asia|,2010.915,-563,43.2960893854749,2148,2148,46.0893854748603,41.8994413407821
EPI_ISL_169569|Swine|H1N1|2011.852|Asia|,2011.852,-569.7,43.2029795158287,2148,2148,45.6703910614525,41.9692737430168
EPI_ISL_248317|Swine|H1N1|2011.852|Asia|,2011.852,-569.7,43.2029795158287,2148,2148,45.6703910614525,41.9692737430168
EPI_ISL_88390|Swine|H1N1|2009.019|Asia|,2009.019,-568.8,43.1098696461825,2148,2148,45.391061452514,41.9692737430168
EPI_ISL_88389|Swine|H1N1|2009.019|Asia|,2009.019,-568.8,43.1098696461825,2148,2148,45.391061452514,41.9692737430168
EPI_ISL_88398|Swine|H1N1|2009.134|Asia|,2009.134,-558.7,42.9702048417132,2148,2148,45.1117318435754,41.8994413407821
EPI_ISL_88394|Swine|H1N1|2009.134|Asia|,2009.134,-558,42.9436422915696,2147,2148,45.034965034965,41.8994413407821
EPI_ISL_88393|Swine|H1N1|2009.134|Asia|,2009.134,-558,42.9236499068901,2148,2148,44.9720670391061,41.8994413407821
EPI_ISL_88396|Swine|H1N1|2009.134|Asia|,2009.134,-558,42.9236499068901,2148,2148,44.9720670391061,41.8994413407821
EPI_ISL_88399|Swine|H1N1|2009.134|Asia|,2009.134,-559.3,42.877094972067,2148,2148,44.9720670391061,41.8296089385475
EPI_ISL_88397|Swine|H1N1|2009.134|Asia|,2009.134,-558.7,42.9702048417132,2148,2148,45.1117318435754,41.8994413407821
EPI_ISL_74381|Swine|H1N1|2009.96|Asia|,2009.96,-564,43.0167597765363,2148,2148,44.9720670391061,42.0391061452514
EPI_ISL_74380|Swine|H1N1|2009.96|Asia|,2009.96,-564,43.0167597765363,2148,2148,44.9720670391061,42.0391061452514
EPI_ISL_33887|Swine|H1N1|2007|Asia|,2007,-568.8,43.2495344506518,2148,2148,46.0893854748603,41.8296089385475
EPI_ISL_81514|Swine|H1N1|2008|Asia|,2008,-561.8,43.2495344506518,2148,2148,46.0893854748603,41.8296089385475
EPI_ISL_81516|Swine|H1N1|2009|Asia|,2009,-563.9,43.2495344506518,2148,2148,46.0893854748603,41.8296089385475
EPI_ISL_482244|Swine|H1N1|2012.085|Asia|,2012.085,-567.9,43.2960893854749,2148,2148,46.0893854748603,41.8994413407821
EPI_ISL_74378|Swine|H1N1|2009.845|Asia|,2009.845,-554.8,42.5512104283054,2148,2148,43.5754189944134,42.0391061452514
EPI_ISL_29774|Swine|H1N1|2009.03|Asia|,2009.03,-566.6,43.3426443202979,2148,2148,45.8100558659218,42.108938547486
EPI_ISL_88391|Swine|H1N1|2009.019|Asia|,2009.019,-566.6,43.3426443202979,2148,2148,45.8100558659218,42.108938547486
EPI_ISL_88403|Swine|H1N1|2009.211|Asia|,2009.211,-559.7,42.7374301675978,2148,2148,44.5530726256983,41.8296089385475
EPI_ISL_169557|Swine|H1N1|2013.038|Asia|,2013.038,-561,43.2495344506518,2148,2148,45.8100558659218,41.9692737430168
EPI_ISL_248169|Swine|H1N1|2013.038|Asia|,2013.038,-561,43.2495344506518,2148,2148,45.8100558659218,41.9692737430168
EPI_ISL_169556|Swine|H1N1|2013.036|Asia|,2013.036,-561,43.2495344506518,2148,2148,45.8100558659218,41.9692737430168
EPI_ISL_248166|Swine|H1N1|2013.036|Asia|,2013.036,-561,43.2495344506518,2148,2148,45.8100558659218,41.9692737430168
EPI_ISL_169576|Swine|H1N1|2013.038|Asia|,2013.038,-548.5,42.5512104283054,2148,2148,44.2737430167598,41.6899441340782
EPI_ISL_248327|Swine|H1N1|2013.038|Asia|,2013.038,-548.5,42.5512104283054,2148,2148,44.2737430167598,41.6899441340782
EPI_ISL_169558|Swine|H1N1|2013.038|Asia|,2013.038,-548.1,42.497670083877,2146,2148,44.2577030812325,41.6201117318436
EPI_ISL_248170|Swine|H1N1|2013.036|Asia|,2013.036,-548.1,42.497670083877,2146,2148,44.2577030812325,41.6201117318436
EPI_ISL_169560|Swine|H1N1|2013.036|Asia|,2013.036,-552.8,42.5512104283054,2148,2148,44.1340782122905,41.7597765363128
EPI_ISL_248168|Swine|H1N1|2013.036|Asia|,2013.036,-552.8,42.5512104283054,2148,2148,44.1340782122905,41.7597765363128
EPI_ISL_169559|Swine|H1N1|2013.036|Asia|,2013.036,-552.8,42.5512104283054,2148,2148,44.1340782122905,41.7597765363128
EPI_ISL_248167|Swine|H1N1|2013.036|Asia|,2013.036,-552.8,42.5512104283054,2148,2148,44.1340782122905,41.7597765363128
EPI_ISL_74369|Swine|H1N1|2009.481|Asia|,2009.481,-549,42.7374301675978,2148,2148,44.4134078212291,41.8994413407821
EPI_ISL_88377|Swine|H1N1|2006.915|Asia|,2006.915,-568.6,43.2495344506518,2148,2148,45.9497206703911,41.8994413407821
EPI_ISL_29771|Swine|H1N1|2007.962|Asia|,2007.962,-559.9,42.8305400372439,2148,2148,45.2513966480447,41.6201117318436
EPI_ISL_74382|Swine|H1N1|2009.959|Asia|,2009.959,-554.8,42.9702048417132,2148,2148,45.5307262569832,41.6899441340782
EPI_ISL_91637|Swine|H1N1|2009.079|Asia|,2009.079,-560.1,42.9702048417132,2148,2148,45.5307262569832,41.6899441340782
EPI_ISL_91638|Swine|H1N1|2009.079|Asia|,2009.079,-561.3,42.9236499068901,2148,2148,45.2513966480447,41.7597765363128
EPI_ISL_87566|Swine|H1N1|2009.627|Asia|,2009.627,-563.1,43.0167597765363,2148,2148,45.5307262569832,41.7597765363128
EPI_ISL_91641|Swine|H1N1|2009.627|Asia|,2009.627,-561.6,43.0633147113594,2148,2148,45.6703910614525,41.7597765363128
EPI_ISL_88383|Swine|H1N1|2008.025|Asia|,2008.025,-557,42.9436422915696,2147,2148,45.5307262569832,41.6491963661775
EPI_ISL_88381|Swine|H1N1|2007.233|Asia|,2007.233,-559.6,43.0167597765363,2148,2148,45.2513966480447,41.8994413407821
EPI_ISL_88386|Swine|H1N1|2008.809|Asia|,2008.809,-563.5,42.8970656730321,2147,2148,44.7552447552448,41.9692737430168
EPI_ISL_88376|Swine|H1N1|2006.734|Asia|,2006.734,-561.1,43.1564245810056,2148,2148,45.5307262569832,41.9692737430168
EPI_ISL_88380|Swine|H1N1|2007.099|Asia|,2007.099,-571,43.389199255121,2148,2148,46.3687150837989,41.8994413407821
EPI_ISL_88378|Swine|H1N1|2006.951|Asia|,2006.951,-575,43.389199255121,2148,2148,46.2290502793296,41.9692737430168
EPI_ISL_88363|Swine|H1N1|2004.954|Asia|,2004.954,-577.6,43.1564245810056,2148,2148,46.0893854748603,41.6899441340782
EPI_ISL_88367|Swine|H1N1|2005.181|Asia|,2005.181,-583.4,43.2495344506518,2148,2148,46.0893854748603,41.8296089385475
EPI_ISL_88366|Swine|H1N1|2005.074|Asia|,2005.074,-585.5,43.1564245810056,2148,2148,45.8100558659218,41.8296089385475
EPI_ISL_88364|Swine|H1N1|2005.036|Asia|,2005.036,-579.2,43.2495344506518,2148,2148,45.9497206703911,41.8994413407821
EPI_ISL_88368|Swine|H1N1|2005.216|Asia|,2005.216,-580.1,43.2029795158287,2148,2148,45.9497206703911,41.8296089385475
EPI_ISL_88358|Swine|H1N1|2004.24|Asia|,2004.24,-575.2,43.1098696461825,2148,2148,46.0893854748603,41.6201117318436
EPI_ISL_88347|Swine|H1N1|2003.351|Asia|,2003.351,-576.2,43.6219739292365,2148,2148,46.6480446927374,42.108938547486
EPI_ISL_88344|Swine|H1N1|2002.907|Asia|,2002.907,-574.4,43.5288640595903,2148,2148,46.3687150837989,42.108938547486
EPI_ISL_539865|Swine|H1N1|2001|Asia|,2001,-574.9,43.7880918893577,2133,2133,46.8354430379747,42.2644163150492
EPI_ISL_129511|Swine|H1N1|2004|Europe|,2004,-576.8,43.6219739292365,2148,2148,46.2290502793296,42.3184357541899
EPI_ISL_504640|Swine|H1N1|2008.306|Europe|,2008.306,-586.9,42.9702048417132,2148,2148,45.6703910614525,41.6201117318436
EPI_ISL_4081264|Swine|H1N1|2017|Europe|,2017,-554.1,42.4115456238361,2148,2148,44.4134078212291,41.4106145251397
EPI_ISL_4081265|Swine|H1N1|2016|Europe|,2016,-546.94,42.3184357541899,2148,2148,42.5977653631285,42.1787709497207
EPI_ISL_4083769|Swine|H1N1|2020.609|Europe|,2020.609,-563.4,42.6908752327747,2148,2148,43.7150837988827,42.1787709497207
EPI_ISL_129447|Swine|H1N1|2001|Europe|,2001,-579,43.0633147113594,2148,2148,45.2513966480447,41.9692737430168
EPI_ISL_504817|Swine|H1N1|2013.153|Europe|,2013.153,-570,43.4094084769446,2147,2148,45.9497206703911,42.1383647798742
EPI_ISL_195053|Swine|H1N1|2012|Europe|,2012,-575.7,43.1098696461825,2148,2148,44.8324022346369,42.2486033519553
EPI_ISL_504568|Swine|H1N1|2005.507|Europe|,2005.507,-563.3,42.8039124359571,2147,2148,44.6927374301676,41.8588399720475
EPI_ISL_504567|Swine|H1N1|2005.507|Europe|,2005.507,-558.8,42.8704566635601,2146,2148,44.8179271708684,41.8994413407821
EPI_ISL_504614|Swine|H1N1|2007.23|Europe|,2007.23,-562.6,42.6176059618072,2147,2148,43.6363636363636,42.108938547486
EPI_ISL_504652|Swine|H1N1|2008.73|Europe|,2008.73,-557.7,42.364990689013,2148,2148,43.1564245810056,41.9692737430168
EPI_ISL_504723|Swine|H1N1|2010.855|Europe|,2010.855,-563.2,42.7374301675978,2148,2148,44.6927374301676,41.7597765363128
EPI_ISL_504641|Swine|H1N1|2008.306|Europe|,2008.306,-570.1,43.0167597765363,2148,2148,45.1117318435754,41.9692737430168
EPI_ISL_504687|Swine|H1N1|2009.742|Europe|,2009.742,-564.7,42.877094972067,2148,2148,44.6927374301676,41.9692737430168
EPI_ISL_504638|Swine|H1N1|2008.254|Europe|,2008.254,-571.8,42.983682983683,2145,2148,45.1612903225806,41.8994413407821
EPI_ISL_504644|Swine|H1N1|2008.407|Europe|,2008.407,-569.8,43.0167597765363,2148,2148,45.1117318435754,41.9692737430168
EPI_ISL_504667|Swine|H1N1|2009.145|Europe|,2009.145,-568.7,43.0167597765363,2148,2148,44.9720670391061,42.0391061452514
EPI_ISL_504664|Swine|H1N1|2009.074|Europe|,2009.074,-569.4,42.9236499068901,2148,2148,45.1117318435754,41.8296089385475
EPI_ISL_504639|Swine|H1N1|2008.287|Europe|,2008.287,-573.04,43.0367955286446,2147,2148,45.1748251748252,41.9692737430168
EPI_ISL_304089|Swine|H1N1|2016.353|Europe|,2016.353,-572.1,43.2029795158287,2148,2148,46.2290502793296,41.6899441340782
EPI_ISL_195112|Swine|H1N1|2011.817|Europe|,2011.817,-567.9,42.8305400372439,2148,2148,45.391061452514,41.5502793296089
EPI_ISL_71594|Swine|H1N1|2009|Europe|,2009,-579.5,43.2960893854749,2148,2148,46.2290502793296,41.8296089385475
EPI_ISL_504701|Swine|H1N1|2010.414|Europe|,2010.414,-575,43.2029795158287,2148,2148,46.2290502793296,41.6899441340782
EPI_ISL_504699|Swine|H1N1|2010.299|Europe|,2010.299,-578.4,43.1564245810056,2148,2148,45.8100558659218,41.8296089385475
EPI_ISL_504685|Swine|H1N1|2009.668|Europe|,2009.668,-578.4,43.2495344506518,2148,2148,45.9497206703911,41.8994413407821
EPI_ISL_195056|Swine|H1N1|2011.277|Europe|,2011.277,-560.5,42.5977653631285,2148,2148,44.5530726256983,41.6201117318436
EPI_ISL_195022|Swine|H1N1|2010.863|Europe|,2010.863,-570.2,43.0167597765363,2148,2148,45.8100558659218,41.6201117318436
EPI_ISL_504683|Swine|H1N1|2009.608|Europe|,2009.608,-579.2,43.1098696461825,2148,2148,45.5307262569832,41.8994413407821
EPI_ISL_504718|Swine|H1N1|2010.767|Europe|,2010.767,-566.5,42.6908752327747,2148,2148,44.2737430167598,41.8994413407821
EPI_ISL_195102|Swine|H1N1|2010.014|Europe|,2010.014,-547.9,42.9263565891473,2064,2064,44.9127906976744,41.9331395348837
EPI_ISL_504706|Swine|H1N1|2010.592|Europe|,2010.592,-569.2,42.2718808193668,2148,2148,43.1564245810056,41.8296089385475
EPI_ISL_504705|Swine|H1N1|2010.592|Europe|,2010.592,-563.9,42.2718808193668,2148,2148,43.1564245810056,41.8296089385475
EPI_ISL_304092|Swine|H1N1|2017.967|Europe|,2017.967,-570.2,43.6219739292365,2148,2148,46.0893854748603,42.3882681564246
EPI_ISL_504682|Swine|H1N1|2009.592|Europe|,2009.592,-560.7,42.5512104283054,2148,2148,44.2737430167598,41.6899441340782
EPI_ISL_504574|Swine|H1N1|2005.679|Europe|,2005.679,-560.7,42.8970656730321,2147,2148,44.9720670391061,41.8588399720475
EPI_ISL_5287|Swine|H1N1|2003|Europe|,2003,-567.9,43.0633147113594,2148,2148,45.2513966480447,41.9692737430168
EPI_ISL_195150|Swine|H1N1|2013.162|Europe|,2013.162,-569.8,42.6443202979516,2148,2148,43.9944134078212,41.9692737430168
EPI_ISL_195144|Swine|H1N1|2012.579|Europe|,2012.579,-557.8,42.3184357541899,2148,2148,42.5977653631285,42.1787709497207
EPI_ISL_504592|Swine|H1N1|2006.255|Europe|,2006.255,-562,42.7374301675978,2148,2148,44.2737430167598,41.9692737430168
EPI_ISL_504591|Swine|H1N1|2006.219|Europe|,2006.219,-562.6,42.7839851024209,2148,2148,44.4134078212291,41.9692737430168
EPI_ISL_504630|Swine|H1N1|2007.907|Europe|,2007.907,-566.2,42.7839851024209,2148,2148,44.9720670391061,41.6899441340782
EPI_ISL_504629|Swine|H1N1|2007.904|Europe|,2007.904,-566.94,42.5977653631285,2148,2148,43.854748603352,41.9692737430168
EPI_ISL_278867|Swine|H1N1|2014|Europe|,2014,-566.7,43.1564245810056,2148,2148,45.391061452514,42.0391061452514
EPI_ISL_278822|Swine|H1N1|2015|Europe|,2015,-569,43.0633147113594,2148,2148,45.2513966480447,41.9692737430168
EPI_ISL_195038|Swine|H1N1|2011.773|Europe|,2011.773,-569.3,42.5046554934823,2148,2148,43.854748603352,41.8296089385475
EPI_ISL_195041|Swine|H1N1|2011.044|Europe|,2011.044,-581.7,42.6443202979516,2148,2148,44.1340782122905,41.8994413407821
EPI_ISL_504858|Swine|H1N1|2015.011|Europe|,2015.011,-565.5,42.9702048417132,2148,2148,45.8100558659218,41.5502793296089
EPI_ISL_504679|Swine|H1N1|2009.249|Europe|,2009.249,-576.3,42.4115456238361,2148,2148,43.854748603352,41.6899441340782
EPI_ISL_245748|Swine|H1N1|2014|Europe|,2014,-577.4,43.3426443202979,2148,2148,46.0893854748603,41.9692737430168
EPI_ISL_195181|Swine|H1N1|2012.415|Europe|,2012.415,-553.1,42.4581005586592,2148,2148,43.7150837988827,41.8296089385475
EPI_ISL_278876|Swine|H1N1|2014|Europe|,2014,-566,42.6908752327747,2148,2148,43.854748603352,42.108938547486
EPI_ISL_195027|Swine|H1N1|2011.893|Europe|,2011.893,-551.3,42.5046554934823,2148,2148,44.1340782122905,41.6899441340782
EPI_ISL_195141|Swine|H1N1|2012.923|Europe|,2012.923,-555.5,42.7374301675978,2148,2148,44.6927374301676,41.7597765363128
EPI_ISL_195143|Swine|H1N1|2012.424|Europe|,2012.424,-544.5,42.5046554934823,2148,2148,43.9944134078212,41.7597765363128
EPI_ISL_195064|Swine|H1N1|2011.236|Europe|,2011.236,-553.9,42.5977653631285,2148,2148,44.1340782122905,41.8296089385475
EPI_ISL_504818|Swine|H1N1|2013.23|Europe|,2013.23,-549.9,42.4581005586592,2148,2148,43.854748603352,41.7597765363128
EPI_ISL_504781|Swine|H1N1|2011.973|Europe|,2011.973,-551.8,42.6443202979516,2148,2148,44.1340782122905,41.8994413407821
EPI_ISL_504770|Swine|H1N1|2011.879|Europe|,2011.879,-554.1,42.6443202979516,2148,2148,44.1340782122905,41.8994413407821
EPI_ISL_504766|Swine|H1N1|2011.833|Europe|,2011.833,-554.1,42.5977653631285,2148,2148,44.1340782122905,41.8296089385475
EPI_ISL_504762|Swine|H1N1|2011.814|Europe|,2011.814,-554.1,42.6908752327747,2148,2148,44.2737430167598,41.8994413407821
EPI_ISL_195180|Swine|H1N1|2012.369|Europe|,2012.369,-547.1,42.7839851024209,2148,2148,44.6927374301676,41.8296089385475
EPI_ISL_504665|Swine|H1N1|2009.09|Europe|,2009.09,-579.3,42.6443202979516,2148,2148,44.1340782122905,41.8994413407821
EPI_ISL_195032|Swine|H1N1|2011.088|Europe|,2011.088,-567.5,41.9925512104283,2148,2148,43.0167597765363,41.4804469273743
EPI_ISL_504791|Swine|H1N1|2012.082|Europe|,2012.082,-553.6,42.3184357541899,2148,2148,43.854748603352,41.5502793296089
EPI_ISL_504725|Swine|H1N1|2010.86|Europe|,2010.86,-565.9,42.5512104283054,2148,2148,44.2737430167598,41.6899441340782
EPI_ISL_195024|Swine|H1N1|2012.087|Europe|,2012.087,-559.64,42.2253258845438,2148,2148,43.2960893854749,41.6899441340782
EPI_ISL_4081789|Swine|H1N1|2015|Europe|,2015,-562.64,42.1984163949697,2147,2148,43.4965034965035,41.5502793296089
EPI_ISL_504632|Swine|H1N1|2008.074|Europe|,2008.074,-581.4,42.877094972067,2148,2148,44.8324022346369,41.8994413407821
EPI_ISL_504670|Swine|H1N1|2009.203|Europe|,2009.203,-584.7,42.8305400372439,2148,2148,44.4134078212291,42.0391061452514
EPI_ISL_504565|Swine|H1N1|2005.471|Europe|,2005.471,-574.9,43.1098696461825,2148,2148,45.1117318435754,42.108938547486
EPI_ISL_504588|Swine|H1N1|2006.137|Europe|,2006.137,-560.7,42.877094972067,2148,2148,44.9720670391061,41.8296089385475
EPI_ISL_29114|Swine|H1N1|2004|Europe|,2004,-570.1,43.1564245810056,2148,2148,45.2513966480447,42.108938547486
EPI_ISL_5288|Swine|H1N1|2004|Europe|,2004,-573.4,43.1098696461825,2148,2148,45.5307262569832,41.8994413407821
EPI_ISL_129526|Swine|H1N1|2005|Europe|,2005,-563.3,43.1299487657196,2147,2148,45.5944055944056,41.8994413407821
EPI_ISL_129579|Swine|H1N1|2006|Europe|,2006,-556.1,42.877094972067,2148,2148,45.2513966480447,41.6899441340782
EPI_ISL_504846|Swine|H1N1|2014.816|Europe|,2014.816,-566.7,42.4115456238361,2148,2148,43.854748603352,41.6899441340782
EPI_ISL_504720|Swine|H1N1|2010.803|Europe|,2010.803,-559.9,42.8305400372439,2148,2148,45.1117318435754,41.6899441340782
EPI_ISL_504719|Swine|H1N1|2010.781|Europe|,2010.781,-556.17,42.7772600186393,2146,2148,44.8179271708684,41.7597765363128
EPI_ISL_149799|Swine|H1N1|2008.415|Europe|,2008.415,-552.9,42.364990689013,2148,2148,43.4357541899441,41.8296089385475
EPI_ISL_149791|Swine|H1N1|2010.085|Europe|,2010.085,-561.9,42.4581005586592,2148,2148,43.854748603352,41.7597765363128
EPI_ISL_278925|Swine|H1N1|2012|Europe|,2012,-568.7,42.4115456238361,2148,2148,43.854748603352,41.6899441340782
EPI_ISL_195058|Swine|H1N1|2011.466|Europe|,2011.466,-578.6,42.6443202979516,2148,2148,44.2737430167598,41.8296089385475
EPI_ISL_499165|Swine|H1N1|2017.378|Europe|,2017.378,-551.8,42.2253258845438,2148,2148,42.5977653631285,42.0391061452514
EPI_ISL_6781344|Swine|H1N1|2019.748|Europe|,2019.748,-564.9,42.8305400372439,2148,2148,46.0893854748603,41.2011173184358
EPI_ISL_499132|Swine|H1N1|2016.298|Europe|,2016.298,-585.7,42.7374301675978,2148,2148,44.6927374301676,41.7597765363128
EPI_ISL_499137|Swine|H1N1|2017.337|Europe|,2017.337,-557.4,42.1787709497207,2148,2148,42.7374301675978,41.8994413407821
EPI_ISL_499173|Swine|H1N1|2018.964|Europe|,2018.964,-556.1,41.9925512104283,2148,2148,43.7150837988827,41.1312849162011
EPI_ISL_142642|Swine|H1N1|2007|Europe|,2007,-563.1,42.6443202979516,2148,2148,44.5530726256983,41.6899441340782
EPI_ISL_504615|Swine|H1N1|2007.252|Europe|,2007.252,-564.9,43.0167597765363,2148,2148,45.2513966480447,41.8994413407821
EPI_ISL_504862|Swine|H1N1|2015.058|Europe|,2015.058,-564.4,42.5977653631285,2148,2148,45.1117318435754,41.340782122905
EPI_ISL_303879|Swine|H1N1|2014.521|Europe|,2014.521,-561.24,42.1787709497207,2148,2148,43.7150837988827,41.4106145251397
EPI_ISL_504828|Swine|H1N1|2013.942|Europe|,2013.942,-557.3,41.6666666666667,2148,2148,42.4581005586592,41.2709497206704
EPI_ISL_504581|Swine|H1N1|2005.912|Europe|,2005.912,-563.5,43.2634032634033,2145,2148,45.2380952380952,42.2781271837876
EPI_ISL_504571|Swine|H1N1|2005.6|Europe|,2005.6,-575.2,43.5754189944134,2148,2148,46.7877094972067,41.9692737430168
EPI_ISL_504560|Swine|H1N1|2004.26|Europe|,2004.26,-575.5,43.5288640595903,2148,2148,46.6480446927374,41.9692737430168
EPI_ISL_504577|Swine|H1N1|2005.792|Europe|,2005.792,-571.1,43.3426443202979,2148,2148,46.0893854748603,41.9692737430168
EPI_ISL_504596|Swine|H1N1|2006.693|Europe|,2006.693,-567.8,43.3426443202979,2148,2148,46.2290502793296,41.8994413407821
EPI_ISL_504668|Swine|H1N1|2009.153|Europe|,2009.153,-570.5,43.1564245810056,2148,2148,45.6703910614525,41.8994413407821
EPI_ISL_504606|Swine|H1N1|2006.805|Europe|,2006.805,-562.8,42.9702048417132,2148,2148,45.2513966480447,41.8296089385475
EPI_ISL_504605|Swine|H1N1|2006.808|Europe|,2006.808,-565.1,42.9702048417132,2148,2148,45.2513966480447,41.8296089385475
EPI_ISL_504604|Swine|H1N1|2006.792|Europe|,2006.792,-559.1,42.9236499068901,2148,2148,44.4134078212291,42.1787709497207
EPI_ISL_504613|Swine|H1N1|2007.211|Europe|,2007.211,-558.2,42.9702048417132,2148,2148,45.391061452514,41.7597765363128
EPI_ISL_504608|Swine|H1N1|2006.838|Europe|,2006.838,-560.3,42.877094972067,2148,2148,44.6927374301676,41.9692737430168
EPI_ISL_504607|Swine|H1N1|2006.847|Europe|,2006.847,-560.3,42.877094972067,2148,2148,44.6927374301676,41.9692737430168
EPI_ISL_504578|Swine|H1N1|2005.855|Europe|,2005.855,-566.1,42.9236499068901,2148,2148,44.9720670391061,41.8994413407821
EPI_ISL_504785|Swine|H1N1|2012.06|Europe|,2012.06,-569,43.2029795158287,2148,2148,45.8100558659218,41.8994413407821
EPI_ISL_504617|Swine|H1N1|2007.285|Europe|,2007.285,-561.8,42.9702048417132,2148,2148,44.9720670391061,41.9692737430168
EPI_ISL_504612|Swine|H1N1|2007.2|Europe|,2007.2,-563.6,42.9702048417132,2148,2148,45.1117318435754,41.8994413407821
EPI_ISL_504748|Swine|H1N1|2011.619|Europe|,2011.619,-549,42.3184357541899,2148,2148,43.854748603352,41.5502793296089
EPI_ISL_504635|Swine|H1N1|2008.115|Europe|,2008.115,-559.24,42.6443202979516,2148,2148,44.5530726256983,41.6899441340782
EPI_ISL_504634|Swine|H1N1|2008.074|Europe|,2008.074,-559.24,42.6443202979516,2148,2148,44.5530726256983,41.6899441340782
EPI_ISL_504633|Swine|H1N1|2008.082|Europe|,2008.082,-556.94,42.5512104283054,2148,2148,44.5530726256983,41.5502793296089
EPI_ISL_504694|Swine|H1N1|2009.942|Europe|,2009.942,-574.2,42.6443202979516,2148,2148,44.6927374301676,41.6201117318436
EPI_ISL_504686|Swine|H1N1|2009.707|Europe|,2009.707,-574.2,42.6443202979516,2148,2148,44.6927374301676,41.6201117318436
EPI_ISL_195086|Swine|H1N1|2012.008|Europe|,2012.008,-557,41.9459962756052,2148,2148,43.0167597765363,41.4106145251397
EPI_ISL_504786|Swine|H1N1|2012.046|Europe|,2012.046,-556.8,41.8994413407821,2148,2148,43.0167597765363,41.340782122905
EPI_ISL_504707|Swine|H1N1|2010.603|Europe|,2010.603,-562.24,42.4581005586592,2148,2148,44.5530726256983,41.4106145251397
EPI_ISL_504734|Swine|H1N1|2011.162|Europe|,2011.162,-554.7,41.9925512104283,2148,2148,42.877094972067,41.5502793296089
EPI_ISL_504758|Swine|H1N1|2011.688|Europe|,2011.688,-551.54,42.1787709497207,2148,2148,43.2960893854749,41.6201117318436
EPI_ISL_504730|Swine|H1N1|2011.008|Europe|,2011.008,-570.94,42.6443202979516,2148,2148,45.2513966480447,41.340782122905
EPI_ISL_504729|Swine|H1N1|2011.008|Europe|,2011.008,-568.74,42.6443202979516,2148,2148,45.1117318435754,41.4106145251397
EPI_ISL_504724|Swine|H1N1|2010.858|Europe|,2010.858,-552.74,42.0856610800745,2148,2148,43.2960893854749,41.4804469273743
EPI_ISL_504662|Swine|H1N1|2009.058|Europe|,2009.058,-559.34,42.364990689013,2148,2148,43.9944134078212,41.5502793296089
EPI_ISL_504698|Swine|H1N1|2010.288|Europe|,2010.288,-554.3,42.3184357541899,2148,2148,43.5754189944134,41.6899441340782
EPI_ISL_504697|Swine|H1N1|2010.285|Europe|,2010.285,-563.4,42.4581005586592,2148,2148,43.9944134078212,41.6899441340782
EPI_ISL_504796|Swine|H1N1|2012.117|Europe|,2012.117,-544.9,42.2253258845438,2148,2148,42.7374301675978,41.9692737430168
EPI_ISL_504716|Swine|H1N1|2010.729|Europe|,2010.729,-561.6,42.5244527247322,2147,2148,45.1748251748252,41.2011173184358
EPI_ISL_504815|Swine|H1N1|2013.123|Europe|,2013.123,-565.7,42.877094972067,2148,2148,45.6703910614525,41.4804469273743
EPI_ISL_504681|Swine|H1N1|2009.468|Europe|,2009.468,-566.04,42.5977653631285,2148,2148,44.1340782122905,41.8296089385475
EPI_ISL_133366|Swine|H1N1|2010|Europe|,2010,-552.34,42.1787709497207,2148,2148,43.4357541899441,41.5502793296089
EPI_ISL_504710|Swine|H1N1|2010.666|Europe|,2010.666,-562.24,42.5512104283054,2148,2148,44.8324022346369,41.4106145251397
EPI_ISL_504810|Swine|H1N1|2012.385|Europe|,2012.385,-553.9,42.1322160148976,2148,2148,43.9944134078212,41.2011173184358
EPI_ISL_504819|Swine|H1N1|2013.389|Europe|,2013.389,-567.3,42.364990689013,2148,2148,44.2737430167598,41.4106145251397
EPI_ISL_194995|Swine|H1N1|2010.364|Europe|,2010.364,-551.6,42.2718808193668,2148,2148,43.4357541899441,41.6899441340782
EPI_ISL_504700|Swine|H1N1|2010.364|Europe|,2010.364,-550.64,42.3184357541899,2148,2148,43.7150837988827,41.6201117318436
EPI_ISL_504582|Swine|H1N1|2005.926|Europe|,2005.926,-567.5,42.9236499068901,2148,2148,45.1117318435754,41.8296089385475
EPI_ISL_504645|Swine|H1N1|2008.519|Europe|,2008.519,-566.3,42.8305400372439,2148,2148,44.6927374301676,41.8994413407821
EPI_ISL_504623|Swine|H1N1|2007.625|Europe|,2007.625,-564.2,42.7839851024209,2148,2148,44.5530726256983,41.8994413407821
EPI_ISL_504566|Swine|H1N1|2005.471|Europe|,2005.471,-564.1,42.6908752327747,2148,2148,44.5530726256983,41.7597765363128
EPI_ISL_504663|Swine|H1N1|2009.071|Europe|,2009.071,-564.6,42.7839851024209,2148,2148,44.6927374301676,41.8296089385475
EPI_ISL_504651|Swine|H1N1|2008.705|Europe|,2008.705,-553.9,42.5512104283054,2148,2148,43.9944134078212,41.8296089385475
EPI_ISL_504684|Swine|H1N1|2009.605|Europe|,2009.605,-549.4,42.5977653631285,2148,2148,44.1340782122905,41.8296089385475
EPI_ISL_504647|Swine|H1N1|2008.667|Europe|,2008.667,-559.7,42.6908752327747,2148,2148,44.6927374301676,41.6899441340782
EPI_ISL_504646|Swine|H1N1|2008.669|Europe|,2008.669,-556.8,42.6443202979516,2148,2148,44.5530726256983,41.6899441340782
EPI_ISL_504619|Swine|H1N1|2007.37|Europe|,2007.37,-556.8,42.8305400372439,2148,2148,44.6927374301676,41.8994413407821
EPI_ISL_504627|Swine|H1N1|2007.844|Europe|,2007.844,-556.6,42.5977653631285,2148,2148,44.5530726256983,41.6201117318436
EPI_ISL_504649|Swine|H1N1|2008.672|Europe|,2008.672,-560.9,42.5977653631285,2148,2148,44.4134078212291,41.6899441340782
EPI_ISL_504643|Swine|H1N1|2008.314|Europe|,2008.314,-566.3,42.9771348576762,2143,2148,44.9579831932773,41.9874037788663
EPI_ISL_504622|Swine|H1N1|2007.6|Europe|,2007.6,-561.5,42.9236499068901,2148,2148,44.9720670391061,41.8994413407821
EPI_ISL_504626|Swine|H1N1|2007.775|Europe|,2007.775,-561.2,42.877094972067,2148,2148,44.9720670391061,41.8296089385475
EPI_ISL_504625|Swine|H1N1|2007.77|Europe|,2007.77,-561.5,42.877094972067,2148,2148,44.9720670391061,41.8296089385475
EPI_ISL_504621|Swine|H1N1|2007.559|Europe|,2007.559,-561.5,42.877094972067,2148,2148,44.9720670391061,41.8296089385475
EPI_ISL_504628|Swine|H1N1|2007.89|Europe|,2007.89,-560.4,42.7374301675978,2148,2148,44.6927374301676,41.7597765363128
EPI_ISL_504576|Swine|H1N1|2005.784|Europe|,2005.784,-565.5,42.877094972067,2148,2148,44.9720670391061,41.8296089385475
EPI_ISL_504609|Swine|H1N1|2006.901|Europe|,2006.901,-570.2,42.8305400372439,2148,2148,44.6927374301676,41.8994413407821
EPI_ISL_504593|Swine|H1N1|2006.271|Europe|,2006.271,-565.3,42.8305400372439,2148,2148,44.6927374301676,41.8994413407821
EPI_ISL_501505|Swine|H1N1|2016.779|Europe|,2016.779,-544.9,42.1322160148976,2148,2148,42.5977653631285,41.8994413407821
EPI_ISL_501501|Swine|H1N1|2017.142|Europe|,2017.142,-553.5,41.9459962756052,2148,2148,42.877094972067,41.4804469273743
EPI_ISL_504575|Swine|H1N1|2005.74|Europe|,2005.74,-566.2,42.9236499068901,2148,2148,44.9720670391061,41.8994413407821
EPI_ISL_504601|Swine|H1N1|2006.718|Europe|,2006.718,-560.5,42.8305400372439,2148,2148,44.9720670391061,41.7597765363128
EPI_ISL_504600|Swine|H1N1|2006.704|Europe|,2006.704,-560.5,42.8305400372439,2148,2148,44.9720670391061,41.7597765363128
EPI_ISL_504599|Swine|H1N1|2006.699|Europe|,2006.699,-560.5,42.8305400372439,2148,2148,44.9720670391061,41.7597765363128
EPI_ISL_504598|Swine|H1N1|2006.693|Europe|,2006.693,-560.5,42.8305400372439,2148,2148,44.9720670391061,41.7597765363128
EPI_ISL_504620|Swine|H1N1|2007.54|Europe|,2007.54,-557.8,42.877094972067,2148,2148,44.6927374301676,41.9692737430168
EPI_ISL_504671|Swine|H1N1|2009.211|Europe|,2009.211,-570.3,42.7374301675978,2148,2148,45.1117318435754,41.5502793296089
EPI_ISL_194996|Swine|H1N1|2010.493|Europe|,2010.493,-566.14,42.364990689013,2148,2148,43.9944134078212,41.5502793296089
EPI_ISL_504772|Swine|H1N1|2011.91|Europe|,2011.91,-552.7,42.1322160148976,2148,2148,43.5754189944134,41.4106145251397
EPI_ISL_504732|Swine|H1N1|2011.132|Europe|,2011.132,-559.14,42.2253258845438,2148,2148,43.7150837988827,41.4804469273743
EPI_ISL_504722|Swine|H1N1|2010.841|Europe|,2010.841,-555.44,42.1787709497207,2148,2148,43.5754189944134,41.4804469273743
EPI_ISL_504721|Swine|H1N1|2010.841|Europe|,2010.841,-553.94,42.1322160148976,2148,2148,43.5754189944134,41.4106145251397
EPI_ISL_504708|Swine|H1N1|2010.614|Europe|,2010.614,-556.7,42.2253258845438,2148,2148,43.2960893854749,41.6899441340782
EPI_ISL_504761|Swine|H1N1|2011.8|Europe|,2011.8,-550.7,41.8994413407821,2148,2148,43.0167597765363,41.340782122905
EPI_ISL_504746|Swine|H1N1|2011.545|Europe|,2011.545,-551,42.0391061452514,2148,2148,43.4357541899441,41.340782122905
EPI_ISL_504738|Swine|H1N1|2011.255|Europe|,2011.255,-551.3,42.0856610800745,2148,2148,43.4357541899441,41.4106145251397
EPI_ISL_504737|Swine|H1N1|2011.247|Europe|,2011.247,-548.5,42.0121099208197,2147,2148,43.2167832167832,41.4106145251397
EPI_ISL_502509|Swine|H1N1|2016.779|Europe|,2016.779,-557.3,42.4115456238361,2148,2148,43.5754189944134,41.8296089385475
EPI_ISL_502458|Swine|H1N1|2017.219|Europe|,2017.219,-572.5,42.5046554934823,2148,2148,43.2960893854749,42.108938547486
EPI_ISL_502490|Swine|H1N1|2016.377|Europe|,2016.377,-569.6,42.6908752327747,2148,2148,44.1340782122905,41.9692737430168
EPI_ISL_503003|Swine|H1N1|2016.377|Europe|,2016.377,-569.6,42.6908752327747,2148,2148,44.1340782122905,41.9692737430168
EPI_ISL_502997|Swine|H1N1|2016.071|Europe|,2016.071,-561.6,42.2253258845438,2148,2148,43.1564245810056,41.7597765363128
EPI_ISL_501428|Swine|H1N1|2013.811|Europe|,2013.811,-571.3,42.5977653631285,2148,2148,43.7150837988827,42.0391061452514
EPI_ISL_502487|Swine|H1N1|2018.063|Europe|,2018.063,-572.6,42.7374301675978,2148,2148,43.5754189944134,42.3184357541899
EPI_ISL_502471|Swine|H1N1|2017.414|Europe|,2017.414,-570.6,42.364990689013,2148,2148,43.4357541899441,41.8296089385475
EPI_ISL_502459|Swine|H1N1|2017.603|Europe|,2017.603,-567.7,42.8704566635601,2146,2148,44.3977591036415,42.108938547486
EPI_ISL_502463|Swine|H1N1|2018.027|Europe|,2018.027,-564.6,42.6641825803447,2147,2148,43.9160839160839,42.0391061452514
EPI_ISL_502484|Swine|H1N1|2017.888|Europe|,2017.888,-558.9,41.9459962756052,2148,2148,42.5977653631285,41.6201117318436
EPI_ISL_502480|Swine|H1N1|2017.252|Europe|,2017.252,-561.8,42.4115456238361,2148,2148,43.0167597765363,42.108938547486
EPI_ISL_502474|Swine|H1N1|2016.475|Europe|,2016.475,-565.6,42.4581005586592,2148,2148,43.4357541899441,41.9692737430168
EPI_ISL_503001|Swine|H1N1|2016.227|Europe|,2016.227,-570,42.4581005586592,2148,2148,43.5754189944134,41.8994413407821
EPI_ISL_502513|Swine|H1N1|2017.386|Europe|,2017.386,-561,42.5046554934823,2148,2148,43.0167597765363,42.2486033519553
EPI_ISL_502512|Swine|H1N1|2017.197|Europe|,2017.197,-562.5,42.5512104283054,2148,2148,43.1564245810056,42.2486033519553
EPI_ISL_502522|Swine|H1N1|2018.874|Europe|,2018.874,-560.5,41.8063314711359,2148,2148,42.3184357541899,41.5502793296089
EPI_ISL_502453|Swine|H1N1|2018.671|Europe|,2018.671,-569.7,42.7374301675978,2148,2148,44.1340782122905,42.0391061452514
EPI_ISL_502545|Swine|H1N1|2018.077|Europe|,2018.077,-565.7,42.6908752327747,2148,2148,43.854748603352,42.108938547486
EPI_ISL_502502|Swine|H1N1|2018.786|Europe|,2018.786,-560,42.4115456238361,2148,2148,43.2960893854749,41.9692737430168
EPI_ISL_502549|Swine|H1N1|2018.948|Europe|,2018.948,-559.4,42.364990689013,2148,2148,43.0167597765363,42.0391061452514
EPI_ISL_502511|Swine|H1N1|2018.863|Europe|,2018.863,-567.2,42.5512104283054,2148,2148,43.5754189944134,42.0391061452514
EPI_ISL_502454|Swine|H1N1|2018.784|Europe|,2018.784,-569.1,42.5512104283054,2148,2148,43.5754189944134,42.0391061452514
EPI_ISL_502507|Swine|H1N1|2017.953|Europe|,2017.953,-559.8,42.5046554934823,2148,2148,43.2960893854749,42.108938547486
EPI_ISL_502455|Swine|H1N1|2018.819|Europe|,2018.819,-562.5,42.5512104283054,2148,2148,43.1564245810056,42.2486033519553
EPI_ISL_502501|Swine|H1N1|2018.91|Europe|,2018.91,-564.7,42.5512104283054,2148,2148,43.1564245810056,42.2486033519553
EPI_ISL_502546|Swine|H1N1|2018.825|Europe|,2018.825,-566.9,42.8305400372439,2148,2148,43.9944134078212,42.2486033519553
EPI_ISL_502493|Swine|H1N1|2017.693|Europe|,2017.693,-564.7,42.2718808193668,2148,2148,43.0167597765363,41.8994413407821
EPI_ISL_504695|Swine|H1N1|2010.027|Europe|,2010.027,-568.74,42.5977653631285,2148,2148,44.4134078212291,41.6899441340782
EPI_ISL_504798|Swine|H1N1|2012.12|Europe|,2012.12,-553.14,42.1322160148976,2148,2148,43.5754189944134,41.4106145251397
EPI_ISL_504666|Swine|H1N1|2009.132|Europe|,2009.132,-558.2,42.5512104283054,2148,2148,44.1340782122905,41.7597765363128
EPI_ISL_504754|Swine|H1N1|2011.658|Europe|,2011.658,-554,42.2253258845438,2148,2148,43.4357541899441,41.6201117318436
EPI_ISL_504743|Swine|H1N1|2011.455|Europe|,2011.455,-557.64,42.364990689013,2148,2148,43.2960893854749,41.8994413407821
EPI_ISL_504797|Swine|H1N1|2012.12|Europe|,2012.12,-558.34,42.2718808193668,2148,2148,43.0167597765363,41.8994413407821
EPI_ISL_504800|Swine|H1N1|2012.194|Europe|,2012.194,-550.94,42.1787709497207,2148,2148,42.877094972067,41.8296089385475
EPI_ISL_504788|Swine|H1N1|2012.063|Europe|,2012.063,-552.04,42.1322160148976,2148,2148,42.877094972067,41.7597765363128
EPI_ISL_504744|Swine|H1N1|2011.504|Europe|,2011.504,-557.24,42.2253258845438,2148,2148,43.0167597765363,41.8296089385475
EPI_ISL_504739|Swine|H1N1|2011.392|Europe|,2011.392,-559.24,42.2718808193668,2148,2148,43.0167597765363,41.8994413407821
EPI_ISL_504783|Swine|H1N1|2012.033|Europe|,2012.033,-562.44,42.3184357541899,2148,2148,43.2960893854749,41.8296089385475
EPI_ISL_504736|Swine|H1N1|2011.238|Europe|,2011.238,-556.04,42.5046554934823,2148,2148,43.7150837988827,41.8994413407821
EPI_ISL_504774|Swine|H1N1|2011.912|Europe|,2011.912,-554.84,42.364990689013,2148,2148,43.2960893854749,41.8994413407821
EPI_ISL_504801|Swine|H1N1|2012.178|Europe|,2012.178,-562.84,42.364990689013,2148,2148,43.7150837988827,41.6899441340782
EPI_ISL_504727|Swine|H1N1|2010.89|Europe|,2010.89,-562.34,42.5244527247322,2147,2148,43.7762237762238,41.8994413407821
EPI_ISL_195033|Swine|H1N1|2012.093|Europe|,2012.093,-568.8,43.2029795158287,2148,2148,46.2290502793296,41.6899441340782
EPI_ISL_195147|Swine|H1N1|2012.798|Europe|,2012.798,-562.7,43.0633147113594,2148,2148,45.9497206703911,41.6201117318436
EPI_ISL_504823|Swine|H1N1|2013.595|Europe|,2013.595,-566.4,42.9236499068901,2148,2148,45.8100558659218,41.4804469273743
EPI_ISL_504853|Swine|H1N1|2014.904|Europe|,2014.904,-569.9,43.1098696461825,2148,2148,46.0893854748603,41.6201117318436
EPI_ISL_504859|Swine|H1N1|2014.956|Europe|,2014.956,-571,43.2029795158287,2148,2148,46.5083798882682,41.5502793296089
EPI_ISL_195178|Swine|H1N1|2012.312|Europe|,2012.312,-570,43.1098696461825,2148,2148,45.9497206703911,41.6899441340782
EPI_ISL_504778|Swine|H1N1|2011.951|Europe|,2011.951,-558.04,42.5046554934823,2148,2148,43.4357541899441,42.0391061452514
EPI_ISL_504802|Swine|H1N1|2012.216|Europe|,2012.216,-549.34,42.2718808193668,2148,2148,43.2960893854749,41.7597765363128
EPI_ISL_222129|Swine|H1N1|2010|Europe|,2010,-557.44,42.4918642491864,2151,2151,43.3751743375174,42.0502092050209
EPI_ISL_504713|Swine|H1N1|2010.699|Europe|,2010.699,-560.34,42.5046554934823,2148,2148,43.5754189944134,41.9692737430168
EPI_ISL_504771|Swine|H1N1|2011.879|Europe|,2011.879,-562.3,42.3184357541899,2148,2148,43.1564245810056,41.8994413407821
EPI_ISL_504709|Swine|H1N1|2010.641|Europe|,2010.641,-564.9,42.4581005586592,2148,2148,43.7150837988827,41.8296089385475
EPI_ISL_504805|Swine|H1N1|2012.24|Europe|,2012.24,-568,42.2718808193668,2148,2148,43.2960893854749,41.7597765363128
EPI_ISL_195054|Swine|H1N1|2012|Europe|,2012,-556.04,42.4894712213383,2137,2148,44.2415730337079,41.6140350877193
EPI_ISL_195052|Swine|H1N1|2012|Europe|,2012,-569.9,42.5046554934823,2148,2148,44.5530726256983,41.4804469273743
EPI_ISL_504618|Swine|H1N1|2007.356|Europe|,2007.356,-564.5,42.8305400372439,2148,2148,44.9720670391061,41.7597765363128
EPI_ISL_504590|Swine|H1N1|2006.186|Europe|,2006.186,-561.2,42.7839851024209,2148,2148,44.8324022346369,41.7597765363128
EPI_ISL_504589|Swine|H1N1|2006.178|Europe|,2006.178,-567.7,42.877094972067,2148,2148,44.9720670391061,41.8296089385475
EPI_ISL_504587|Swine|H1N1|2006.082|Europe|,2006.082,-570.6,43.0167597765363,2148,2148,45.1117318435754,41.9692737430168
EPI_ISL_504611|Swine|H1N1|2006.929|Europe|,2006.929,-574.7,42.7374301675978,2148,2148,44.5530726256983,41.8296089385475
EPI_ISL_504610|Swine|H1N1|2006.923|Europe|,2006.923,-574.7,42.7374301675978,2148,2148,44.5530726256983,41.8296089385475
EPI_ISL_504696|Swine|H1N1|2010.148|Europe|,2010.148,-541.8,42.4581005586592,2148,2148,44.4134078212291,41.4804469273743
EPI_ISL_504693|Swine|H1N1|2009.838|Europe|,2009.838,-552.4,42.4581005586592,2148,2148,44.6927374301676,41.340782122905
EPI_ISL_30585|Swine|H1N1|2006.953|Europe|,2006.953,-570.9,42.7374301675978,2148,2148,44.6927374301676,41.7597765363128
EPI_ISL_504594|Swine|H1N1|2006.66|Europe|,2006.66,-565.8,42.5512104283054,2148,2148,44.2737430167598,41.6899441340782
EPI_ISL_504585|Swine|H1N1|2006.03|Europe|,2006.03,-572.8,42.9636533084809,2146,2148,44.9579831932773,41.9692737430168
EPI_ISL_195266|Swine|H1N1|2012.754|Europe|,2012.754,-570.3,43.1098696461825,2148,2148,44.6927374301676,42.3184357541899
EPI_ISL_504673|Swine|H1N1|2009.233|Europe|,2009.233,-554.9,42.8305400372439,2148,2148,44.2737430167598,42.108938547486
EPI_ISL_504597|Swine|H1N1|2006.693|Europe|,2006.693,-564.9,43.2495344506518,2148,2148,45.6703910614525,42.0391061452514
EPI_ISL_504637|Swine|H1N1|2008.246|Europe|,2008.246,-551.4,42.6772388059701,2144,2148,44.1340782122905,41.9467787114846
EPI_ISL_504678|Swine|H1N1|2009.268|Europe|,2009.268,-558.5,42.7374301675978,2148,2148,44.8324022346369,41.6899441340782
EPI_ISL_504677|Swine|H1N1|2009.266|Europe|,2009.266,-559,42.6908752327747,2148,2148,44.6927374301676,41.6899441340782
EPI_ISL_504676|Swine|H1N1|2009.263|Europe|,2009.263,-558.5,42.7374301675978,2148,2148,44.8324022346369,41.6899441340782
EPI_ISL_504675|Swine|H1N1|2009.26|Europe|,2009.26,-558.5,42.7374301675978,2148,2148,44.8324022346369,41.6899441340782
EPI_ISL_504669|Swine|H1N1|2009.189|Europe|,2009.189,-562.3,42.7374301675978,2148,2148,44.8324022346369,41.6899441340782
EPI_ISL_504688|Swine|H1N1|2009.759|Europe|,2009.759,-558.3,42.6443202979516,2148,2148,44.8324022346369,41.5502793296089
EPI_ISL_504653|Swine|H1N1|2008.746|Europe|,2008.746,-559.8,42.7839851024209,2148,2148,44.8324022346369,41.7597765363128
EPI_ISL_504776|Swine|H1N1|2011.945|Europe|,2011.945,-563.4,42.4115456238361,2148,2148,43.9944134078212,41.6201117318436
EPI_ISL_504760|Swine|H1N1|2011.797|Europe|,2011.797,-562.8,42.1787709497207,2148,2148,43.1564245810056,41.6899441340782
EPI_ISL_504712|Swine|H1N1|2010.685|Europe|,2010.685,-565.7,42.1787709497207,2148,2148,43.2960893854749,41.6201117318436
EPI_ISL_504782|Swine|H1N1|2011.973|Europe|,2011.973,-556.5,42.1322160148976,2148,2148,43.2960893854749,41.5502793296089
EPI_ISL_195005|Swine|H1N1|2011.238|Europe|,2011.238,-551.9,41.9925512104283,2148,2148,43.0167597765363,41.4804469273743
EPI_ISL_504731|Swine|H1N1|2011.066|Europe|,2011.066,-549.3,42.3184357541899,2148,2148,43.7150837988827,41.6201117318436
EPI_ISL_504680|Swine|H1N1|2009.397|Europe|,2009.397,-564.9,42.5977653631285,2148,2148,44.2737430167598,41.7597765363128
EPI_ISL_504702|Swine|H1N1|2010.479|Europe|,2010.479,-557.9,42.4115456238361,2148,2148,43.854748603352,41.6899441340782
EPI_ISL_504755|Swine|H1N1|2011.663|Europe|,2011.663,-541,41.8994413407821,2148,2148,42.877094972067,41.4106145251397
EPI_ISL_504728|Swine|H1N1|2011.005|Europe|,2011.005,-558.2,42.4312994876572,2147,2148,43.6363636363636,41.8296089385475
EPI_ISL_504735|Swine|H1N1|2011.184|Europe|,2011.184,-555.7,42.4115456238361,2148,2148,43.7150837988827,41.7597765363128
EPI_ISL_504854|Swine|H1N1|2014.942|Europe|,2014.942,-556.2,42.1322160148976,2148,2148,42.7374301675978,41.8296089385475
EPI_ISL_504704|Swine|H1N1|2010.556|Europe|,2010.556,-558.1,42.364990689013,2148,2148,43.7150837988827,41.6899441340782
EPI_ISL_504703|Swine|H1N1|2010.556|Europe|,2010.556,-560.7,42.5046554934823,2148,2148,43.854748603352,41.8296089385475
EPI_ISL_195021|Swine|H1N1|2011.247|Europe|,2011.247,-560.1,42.2253258845438,2148,2148,43.5754189944134,41.5502793296089
EPI_ISL_504756|Swine|H1N1|2011.682|Europe|,2011.682,-548.3,42.0586865393572,2147,2148,42.9370629370629,41.6201117318436
EPI_ISL_79273|Swine|H1N1|2009|Europe|,2009,-561.1,42.6443202979516,2148,2148,44.4134078212291,41.7597765363128
EPI_ISL_504715|Swine|H1N1|2010.71|Europe|,2010.71,-562.5,42.9236499068901,2148,2148,44.8324022346369,41.9692737430168
EPI_ISL_504714|Swine|H1N1|2010.71|Europe|,2010.71,-560.9,42.8305400372439,2148,2148,44.5530726256983,41.9692737430168
EPI_ISL_504642|Swine|H1N1|2008.328|Europe|,2008.328,-566.2,42.8305400372439,2148,2148,44.8324022346369,41.8296089385475
EPI_ISL_504749|Swine|H1N1|2011.616|Europe|,2011.616,-554,42.0856610800745,2148,2148,43.0167597765363,41.6201117318436
EPI_ISL_504636|Swine|H1N1|2008.194|Europe|,2008.194,-561.9,42.364990689013,2148,2148,43.7150837988827,41.6899441340782
EPI_ISL_504711|Swine|H1N1|2010.685|Europe|,2010.685,-560.9,42.1052631578947,2147,2148,43.2167832167832,41.5502793296089
EPI_ISL_504672|Swine|H1N1|2009.214|Europe|,2009.214,-561.3,42.4115456238361,2148,2148,43.7150837988827,41.7597765363128
EPI_ISL_195068|Swine|H1N1|2011.392|Europe|,2011.392,-568.3,42.5512104283054,2148,2148,43.9944134078212,41.8296089385475
EPI_ISL_502587|Swine|H1N1|2011.085|Europe|,2011.085,-572.2,42.7839851024209,2148,2148,44.6927374301676,41.8296089385475
EPI_ISL_195155|Swine|H1N1|2012.771|Europe|,2012.771,-548.9,42.4115456238361,2148,2148,43.7150837988827,41.7597765363128
EPI_ISL_195009|Swine|H1N1|2011.449|Europe|,2011.449,-547.5,42.1787709497207,2148,2148,43.4357541899441,41.5502793296089
EPI_ISL_195153|Swine|H1N1|2012.292|Europe|,2012.292,-559.2,41.340782122905,2148,2148,41.4804469273743,41.2709497206704
EPI_ISL_502543|Swine|H1N1|2013.233|Europe|,2013.233,-550.9,41.8994413407821,2148,2148,42.3184357541899,41.6899441340782
EPI_ISL_502499|Swine|H1N1|2012.025|Europe|,2012.025,-560.7,42.1322160148976,2148,2148,43.0167597765363,41.6899441340782
EPI_ISL_195006|Swine|H1N1|2010.893|Europe|,2010.893,-564.7,42.4115456238361,2148,2148,43.5754189944134,41.8296089385475
EPI_ISL_195007|Swine|H1N1|2011.263|Europe|,2011.263,-573.5,42.5046554934823,2148,2148,44.1340782122905,41.6899441340782
EPI_ISL_502516|Swine|H1N1|2017.66|Europe|,2017.66,-556.4,42.1322160148976,2148,2148,42.7374301675978,41.8296089385475
EPI_ISL_502476|Swine|H1N1|2016.74|Europe|,2016.74,-569.5,42.5046554934823,2148,2148,44.2737430167598,41.6201117318436
EPI_ISL_195063|Swine|H1N1|2011.493|Europe|,2011.493,-559.5,42.364990689013,2148,2148,43.854748603352,41.6201117318436
EPI_ISL_502540|Swine|H1N1|2014.512|Europe|,2014.512,-576.1,42.6443202979516,2148,2148,44.2737430167598,41.8296089385475
EPI_ISL_502539|Swine|H1N1|2013.964|Europe|,2013.964,-578,42.7374301675978,2148,2148,44.6927374301676,41.7597765363128
EPI_ISL_195035|Swine|H1N1|2011.496|Europe|,2011.496,-577.4,42.5512104283054,2148,2148,43.7150837988827,41.9692737430168
EPI_ISL_502504|Swine|H1N1|2013.71|Europe|,2013.71,-567.5,42.2718808193668,2148,2148,43.1564245810056,41.8296089385475
EPI_ISL_195011|Swine|H1N1|2011.027|Europe|,2011.027,-565.6,42.5046554934823,2148,2148,43.9944134078212,41.7597765363128
EPI_ISL_502577|Swine|H1N1|2013.06|Europe|,2013.06,-562,42.3776223776224,2145,2145,43.3566433566434,41.8881118881119
EPI_ISL_195156|Swine|H1N1|2012.601|Europe|,2012.601,-569.9,42.4581005586592,2148,2148,43.9944134078212,41.6899441340782
EPI_ISL_502473|Swine|H1N1|2015.762|Europe|,2015.762,-577.4,42.6443202979516,2148,2148,44.5530726256983,41.6899441340782
EPI_ISL_502578|Swine|H1N1|2016.432|Europe|,2016.432,-579.1,42.5977653631285,2148,2148,44.5530726256983,41.6201117318436
EPI_ISL_502517|Swine|H1N1|2017.866|Europe|,2017.866,-569.2,42.2449930135072,2147,2148,42.9370629370629,41.8994413407821
EPI_ISL_502482|Swine|H1N1|2017.584|Europe|,2017.584,-560.8,42.5977653631285,2148,2148,43.854748603352,41.9692737430168
EPI_ISL_502475|Swine|H1N1|2016.667|Europe|,2016.667,-568.4,42.1787709497207,2148,2148,42.7374301675978,41.8994413407821
EPI_ISL_502462|Swine|H1N1|2018.005|Europe|,2018.005,-544.9,41.8994413407821,2148,2148,42.5977653631285,41.5502793296089
EPI_ISL_502469|Swine|H1N1|2018.488|Europe|,2018.488,-552.6,41.8063314711359,2148,2148,42.5977653631285,41.4106145251397
EPI_ISL_502464|Swine|H1N1|2018.003|Europe|,2018.003,-558.8,41.852886405959,2148,2148,42.4581005586592,41.5502793296089
EPI_ISL_502518|Swine|H1N1|2018.614|Europe|,2018.614,-560.4,41.8063314711359,2148,2148,42.1787709497207,41.6201117318436
EPI_ISL_502460|Swine|H1N1|2017.885|Europe|,2017.885,-554.8,42.2449930135072,2147,2148,43.0769230769231,41.8296089385475
EPI_ISL_502489|Swine|H1N1|2018.266|Europe|,2018.266,-564.1,42.6908752327747,2148,2148,44.1340782122905,41.9692737430168
EPI_ISL_502492|Swine|H1N1|2016.91|Europe|,2016.91,-560.4,42.1787709497207,2148,2148,42.7374301675978,41.8994413407821
EPI_ISL_502585|Swine|H1N1|2011.677|Europe|,2011.677,-566.8,42.2253258845438,2148,2148,43.4357541899441,41.6201117318436
EPI_ISL_502547|Swine|H1N1|2014.189|Europe|,2014.189,-547,41.8994413407821,2148,2148,43.1564245810056,41.2709497206704
EPI_ISL_502495|Swine|H1N1|2018.46|Europe|,2018.46,-555.7,41.9925512104283,2148,2148,44.1340782122905,40.9217877094972
EPI_ISL_502457|Swine|H1N1|2017.063|Europe|,2017.063,-552.8,42.0856610800745,2148,2148,43.9944134078212,41.1312849162011
EPI_ISL_502999|Swine|H1N1|2016.15|Europe|,2016.15,-567.7,42.4115456238361,2148,2148,43.7150837988827,41.7597765363128
EPI_ISL_502515|Swine|H1N1|2017.392|Europe|,2017.392,-562.2,42.4581005586592,2148,2148,43.7150837988827,41.8296089385475
EPI_ISL_195154|Swine|H1N1|2012.773|Europe|,2012.773,-554.9,42.1787709497207,2148,2148,43.2960893854749,41.6201117318436
EPI_ISL_502510|Swine|H1N1|2017.367|Europe|,2017.367,-558,41.9459962756052,2148,2148,43.1564245810056,41.340782122905
EPI_ISL_195031|Swine|H1N1|2010.953|Europe|,2010.953,-567,42.8305400372439,2148,2148,44.2737430167598,42.108938547486
EPI_ISL_195142|Swine|H1N1|2012.702|Europe|,2012.702,-569.8,42.7839851024209,2148,2148,43.854748603352,42.2486033519553
EPI_ISL_502534|Swine|H1N1|2018.521|Europe|,2018.521,-549.2,42.5046554934823,2148,2148,43.7150837988827,41.8994413407821
EPI_ISL_4081775|Swine|H1N1|2019|Europe|,2019,-557.1,42.364990689013,2148,2148,43.7150837988827,41.6899441340782
EPI_ISL_502528|Swine|H1N1|2017.312|Europe|,2017.312,-580.8,42.6176059618072,2147,2148,44.1340782122905,41.8588399720475
EPI_ISL_502526|Swine|H1N1|2017.052|Europe|,2017.052,-574.6,42.7374301675978,2148,2148,44.2737430167598,41.9692737430168
EPI_ISL_502530|Swine|H1N1|2017.964|Europe|,2017.964,-578.3,42.7839851024209,2148,2148,44.5530726256983,41.8994413407821
EPI_ISL_502529|Swine|H1N1|2017.704|Europe|,2017.704,-576.8,42.8305400372439,2148,2148,44.6927374301676,41.8994413407821
EPI_ISL_502531|Swine|H1N1|2018.118|Europe|,2018.118,-551.5,42.364990689013,2148,2148,43.1564245810056,41.9692737430168
EPI_ISL_4081780|Swine|H1N1|2018|Europe|,2018,-578.9,42.9902189101071,2147,2148,45.3146853146853,41.8296089385475
EPI_ISL_502537|Swine|H1N1|2015.652|Europe|,2015.652,-576.1,42.7107591988822,2147,2148,44.8324022346369,41.6491963661775
EPI_ISL_504861|Swine|H1N1|2015.041|Europe|,2015.041,-574.5,42.7839851024209,2148,2148,44.8324022346369,41.7597765363128
EPI_ISL_504873|Swine|H1N1|2015.825|Europe|,2015.825,-550.3,42.7374301675978,2148,2148,43.854748603352,42.1787709497207
EPI_ISL_505090|Swine|H1N1|2016.915|Europe|,2016.915,-570.3,43.0167597765363,2148,2148,45.5307262569832,41.7597765363128
EPI_ISL_504871|Swine|H1N1|2015.397|Europe|,2015.397,-575.9,43.2231020027946,2147,2148,46.4335664335664,41.6201117318436
EPI_ISL_504866|Swine|H1N1|2015.186|Europe|,2015.186,-574.5,42.7839851024209,2148,2148,44.8324022346369,41.7597765363128
EPI_ISL_4081778|Swine|H1N1|2016|Europe|,2016,-576.2,42.5977653631285,2148,2148,44.2737430167598,41.7597765363128
EPI_ISL_195028|Swine|H1N1|2011.647|Europe|,2011.647,-567.1,42.4115456238361,2148,2148,43.7150837988827,41.7597765363128
EPI_ISL_195025|Swine|H1N1|2012.052|Europe|,2012.052,-568.1,42.9702048417132,2148,2148,45.9497206703911,41.4804469273743
EPI_ISL_129559|Swine|H1N1|2007|Europe|,2007,-552.8,42.9236499068901,2148,2148,44.8324022346369,41.9692737430168
EPI_ISL_195030|Swine|H1N1|2011.096|Europe|,2011.096,-563,42.7374301675978,2148,2148,44.1340782122905,42.0391061452514
EPI_ISL_502523|Swine|H1N1|2013.285|Europe|,2013.285,-571.8,42.5512104283054,2148,2148,43.854748603352,41.8994413407821
EPI_ISL_195023|Swine|H1N1|2010.874|Europe|,2010.874,-561.2,42.5977653631285,2148,2148,43.5754189944134,42.108938547486
EPI_ISL_195029|Swine|H1N1|2011.34|Europe|,2011.34,-588.4,42.6908752327747,2148,2148,44.2737430167598,41.8994413407821
EPI_ISL_502445|Swine|H1N1|2014.896|Europe|,2014.896,-555,42.0856610800745,2148,2148,42.4581005586592,41.8994413407821
EPI_ISL_502452|Swine|H1N1|2015.323|Europe|,2015.323,-555,42.0391061452514,2148,2148,42.3184357541899,41.8994413407821
EPI_ISL_502447|Swine|H1N1|2018.044|Europe|,2018.044,-551.7,41.8994413407821,2148,2148,41.7597765363128,41.9692737430168
EPI_ISL_502449|Swine|H1N1|2017.156|Europe|,2017.156,-548.4,41.8063314711359,2148,2148,41.7597765363128,41.8296089385475
EPI_ISL_502451|Swine|H1N1|2018.37|Europe|,2018.37,-555.9,41.9925512104283,2148,2148,42.0391061452514,41.9692737430168
EPI_ISL_502450|Swine|H1N1|2018.332|Europe|,2018.332,-555.9,41.9925512104283,2148,2148,42.0391061452514,41.9692737430168
EPI_ISL_502996|Swine|H1N1|2016.09|Europe|,2016.09,-551.3,41.8994413407821,2148,2148,42.0391061452514,41.8296089385475
EPI_ISL_502542|Swine|H1N1|2016.74|Europe|,2016.74,-556.1,42.0391061452514,2148,2148,42.1787709497207,41.9692737430168
EPI_ISL_504806|Swine|H1N1|2012.279|Europe|,2012.279,-564.9,42.7374301675978,2148,2148,45.1117318435754,41.5502793296089
EPI_ISL_504773|Swine|H1N1|2011.912|Europe|,2011.912,-544.14,42.2253258845438,2148,2148,44.1340782122905,41.2709497206704
EPI_ISL_504733|Swine|H1N1|2011.162|Europe|,2011.162,-562.3,42.7374301675978,2148,2148,44.8324022346369,41.6899441340782
EPI_ISL_504717|Swine|H1N1|2010.756|Europe|,2010.756,-576.8,43.2960893854749,2148,2148,45.8100558659218,42.0391061452514
EPI_ISL_195146|Swine|H1N1|2012.795|Europe|,2012.795,-571.3,42.5512104283054,2148,2148,43.9944134078212,41.8296089385475
EPI_ISL_5162506|Swine|H1N1|2010.033|Europe|,2010.033,-582.7,42.6443202979516,2148,2148,44.4134078212291,41.7597765363128
EPI_ISL_245703|Swine|H1N1|2014|Europe|,2014,-568.3,42.2718808193668,2148,2148,43.5754189944134,41.6201117318436
EPI_ISL_195145|Swine|H1N1|2012.314|Europe|,2012.314,-575.8,43.1564245810056,2148,2148,45.6703910614525,41.8994413407821
EPI_ISL_29308|Swine|H1N1|2006|Europe|,2006,-574.6,42.9236499068901,2148,2148,44.9720670391061,41.8994413407821
EPI_ISL_504573|Swine|H1N1|2005.66|Europe|,2005.66,-565.8,43.0167597765363,2148,2148,45.2513966480447,41.8994413407821
EPI_ISL_129573|Swine|H1N1|2005|Europe|,2005,-565.1,42.9902189101071,2147,2148,45.1117318435754,41.9287211740042
EPI_ISL_504650|Swine|H1N1|2008.672|Europe|,2008.672,-572.1,43.0633147113594,2148,2148,45.2513966480447,41.9692737430168
EPI_ISL_504648|Swine|H1N1|2008.653|Europe|,2008.653,-572.1,43.1564245810056,2148,2148,45.391061452514,42.0391061452514
EPI_ISL_504757|Swine|H1N1|2011.696|Europe|,2011.696,-560.14,42.364990689013,2148,2148,44.1340782122905,41.4804469273743
EPI_ISL_504631|Swine|H1N1|2008.038|Europe|,2008.038,-565.1,43.2495344506518,2148,2148,45.6703910614525,42.0391061452514
EPI_ISL_282135|Swine|H1N1|2017.543|Europe|,2017.543,-533.8,42.0979020979021,2145,2148,42.5977653631285,41.8474457662701
EPI_ISL_499145|Swine|H1N1|2017.858|Europe|,2017.858,-552.3,42.9236499068901,2148,2148,44.6927374301676,42.0391061452514
EPI_ISL_195019|Swine|H1N1|2010.978|Europe|,2010.978,-563.4,42.5977653631285,2148,2148,43.7150837988827,42.0391061452514
EPI_ISL_278926|Swine|H1N1|2012|Europe|,2012,-555.7,43.0633147113594,2148,2148,45.5307262569832,41.8296089385475
EPI_ISL_278897|Swine|H1N1|2013|Europe|,2013,-570,43.1564245810056,2148,2148,46.5083798882682,41.4804469273743
EPI_ISL_278870|Swine|H1N1|2014|Europe|,2014,-569.7,43.1098696461825,2148,2148,46.3687150837989,41.4804469273743
EPI_ISL_278829|Swine|H1N1|2015|Europe|,2015,-565.2,42.4115456238361,2148,2148,43.1564245810056,42.0391061452514
EPI_ISL_278860|Swine|H1N1|2014|Europe|,2014,-558.3,41.9925512104283,2148,2148,42.7374301675978,41.6201117318436
EPI_ISL_195110|Swine|H1N1|2011.918|Europe|,2011.918,-548,42.4581005586592,2148,2148,43.7150837988827,41.8296089385475
EPI_ISL_195106|Swine|H1N1|2013.082|Europe|,2013.082,-565.8,42.5512104283054,2148,2148,43.9944134078212,41.8296089385475
EPI_ISL_278866|Swine|H1N1|2014|Europe|,2014,-568.8,42.4581005586592,2148,2148,43.4357541899441,41.9692737430168
EPI_ISL_278868|Swine|H1N1|2014|Europe|,2014,-564,42.8305400372439,2148,2148,44.5530726256983,41.9692737430168
EPI_ISL_4083591|Swine|H1N1|2016|Europe|,2016,-565.9,42.9902189101071,2147,2148,44.8324022346369,42.0684835779175
EPI_ISL_4083724|Swine|H1N1|2017.351|Europe|,2017.351,-569.2,42.7839851024209,2148,2148,44.2737430167598,42.0391061452514
EPI_ISL_278862|Swine|H1N1|2014|Europe|,2014,-564.9,42.9236499068901,2148,2148,44.6927374301676,42.0391061452514
EPI_ISL_278918|Swine|H1N1|2013|Europe|,2013,-564.5,42.5512104283054,2148,2148,43.5754189944134,42.0391061452514
EPI_ISL_278904|Swine|H1N1|2013|Europe|,2013,-560.8,42.6443202979516,2148,2148,43.5754189944134,42.1787709497207
EPI_ISL_278903|Swine|H1N1|2013|Europe|,2013,-560.8,42.6908752327747,2148,2148,43.7150837988827,42.1787709497207
EPI_ISL_278846|Swine|H1N1|2015|Europe|,2015,-567.8,42.5046554934823,2148,2148,43.5754189944134,41.9692737430168
EPI_ISL_142229|Swine|H1N1|2012.582|Europe|,2012.582,-565.5,42.7374301675978,2148,2148,44.1340782122905,42.0391061452514
EPI_ISL_195015|Swine|H1N1|2010.923|Europe|,2010.923,-564.1,42.877094972067,2148,2148,44.6927374301676,41.9692737430168
EPI_ISL_278898|Swine|H1N1|2013|Europe|,2013,-537.7,42.2718808193668,2148,2148,43.2960893854749,41.7597765363128
EPI_ISL_278907|Swine|H1N1|2013|Europe|,2013,-568.7,42.877094972067,2148,2148,44.8324022346369,41.8994413407821
EPI_ISL_278888|Swine|H1N1|2013|Europe|,2013,-571.2,43.0167597765363,2148,2148,45.2513966480447,41.8994413407821
EPI_ISL_278892|Swine|H1N1|2014|Europe|,2014,-573.8,43.0367955286446,2147,2148,45.3146853146853,41.8994413407821
EPI_ISL_278908|Swine|H1N1|2013|Europe|,2013,-562.8,42.7839851024209,2148,2148,44.5530726256983,41.8994413407821
EPI_ISL_278874|Swine|H1N1|2014|Europe|,2014,-557.8,42.1787709497207,2148,2148,42.877094972067,41.8296089385475
EPI_ISL_149805|Swine|H1N1|2011.085|Europe|,2011.085,-558.2,42.8305400372439,2148,2148,44.9720670391061,41.7597765363128
EPI_ISL_499133|Swine|H1N1|2015.805|Europe|,2015.805,-563.8,43.1564245810056,2148,2148,45.1117318435754,42.1787709497207
EPI_ISL_504624|Swine|H1N1|2007.636|Europe|,2007.636,-568.4,43.2495344506518,2148,2148,45.5307262569832,42.108938547486
EPI_ISL_504583|Swine|H1N1|2005.951|Europe|,2005.951,-569.4,42.9236499068901,2148,2148,44.8324022346369,41.9692737430168
EPI_ISL_504570|Swine|H1N1|2005.529|Europe|,2005.529,-568.3,42.9702048417132,2148,2148,44.8324022346369,42.0391061452514
EPI_ISL_504569|Swine|H1N1|2005.526|Europe|,2005.526,-567.6,43.0167597765363,2148,2148,44.9720670391061,42.0391061452514
EPI_ISL_129528|Swine|H1N1|2003|Europe|,2003,-576.3,43.5288640595903,2148,2148,46.6480446927374,41.9692737430168
EPI_ISL_129522|Swine|H1N1|2003|Europe|,2003,-573.5,43.6685288640596,2148,2148,46.6480446927374,42.1787709497207
EPI_ISL_4081262|Swine|H1N1|2016|Europe|,2016,-564.5,42.364990689013,2148,2148,43.7150837988827,41.6899441340782
EPI_ISL_4081260|Swine|H1N1|2015|Europe|,2015,-570.8,42.2718808193668,2148,2148,43.854748603352,41.4804469273743
EPI_ISL_539864|Swine|H1N1|1992|Europe|,1992,-590.7,44.1806331471136,2148,2148,48.0446927374302,42.2486033519553
EPI_ISL_199473|Swine|H1N1|1995|Europe|,1995,-569.6,43.7033582089552,2144,2148,46.6386554621849,42.2377622377622
EPI_ISL_199475|Swine|H1N1|1983|Europe|,1983,-582.9,44.2737430167598,2148,2148,48.3240223463687,42.2486033519553
EPI_ISL_539863|Swine|H1N1|1985|Europe|,1985,-572.6,43.9287388654477,2133,2133,47.2573839662447,42.2644163150492
EPI_ISL_170521|Swine|H1N1|1981.129|Europe|,1981.129,-585.4,44.1340782122905,2148,2148,47.7653631284916,42.3184357541899
EPI_ISL_29423|Swine|H1N1|1992|Europe|,1992,-582.8,44.0875232774674,2148,2148,47.7653631284916,42.2486033519553
EPI_ISL_29418|Swine|H1N1|1984|Europe|,1984,-582.8,44.0875232774674,2148,2148,47.7653631284916,42.2486033519553
EPI_ISL_170520|Swine|H1N1|1981.112|Europe|,1981.112,-575.7,44.0409683426443,2148,2148,47.7653631284916,42.1787709497207
EPI_ISL_170516|Swine|H1N1|1979.932|Europe|,1979.932,-579.4,43.9478584729981,2148,2148,47.6256983240223,42.108938547486
EPI_ISL_539869|Swine|H1N1|1979.932|Europe|,1979.932,-583.2,44.2271880819367,2148,2148,47.6256983240223,42.5279329608939
