EPI_ISL_515509|Swine|H3N2|2018.542|Asia|,2018.542,-431.2,42.6972909305065,1698,1698,44.8763250883392,41.6077738515901
EPI_ISL_515508|Swine|H3N2|2018.542|Asia|,2018.542,-431.2,42.6972909305065,1698,1698,44.8763250883392,41.6077738515901
EPI_ISL_277696|Swine|H3N2|2017.507|Asia|,2017.507,-430.2,42.9328621908127,1698,1698,44.8763250883392,41.9611307420495
EPI_ISL_277699|Swine|H3N2|2017.507|Asia|,2017.507,-431.3,42.8150765606596,1698,1698,44.5229681978799,41.9611307420495
EPI_ISL_277674|Swine|H3N2|2017.507|Asia|,2017.507,-431.3,42.8739693757362,1698,1698,44.6996466431095,41.9611307420495
EPI_ISL_277698|Swine|H3N2|2017.507|Asia|,2017.507,-431.6,42.8150765606596,1698,1698,44.6996466431095,41.8727915194346
EPI_ISL_277695|Swine|H3N2|2017.507|Asia|,2017.507,-431.6,42.8150765606596,1698,1698,44.6996466431095,41.8727915194346
EPI_ISL_277682|Swine|H3N2|2017.507|Asia|,2017.507,-431.6,42.8150765606596,1698,1698,44.6996466431095,41.8727915194346
EPI_ISL_277681|Swine|H3N2|2017.507|Asia|,2017.507,-431.6,42.8150765606596,1698,1698,44.6996466431095,41.8727915194346
EPI_ISL_277680|Swine|H3N2|2017.507|Asia|,2017.507,-431.6,42.8150765606596,1698,1698,44.6996466431095,41.8727915194346
EPI_ISL_277679|Swine|H3N2|2017.507|Asia|,2017.507,-431.6,42.8150765606596,1698,1698,44.6996466431095,41.8727915194346
EPI_ISL_277678|Swine|H3N2|2017.507|Asia|,2017.507,-431.6,42.8150765606596,1698,1698,44.6996466431095,41.8727915194346
EPI_ISL_277676|Swine|H3N2|2017.507|Asia|,2017.507,-431.6,42.8150765606596,1698,1698,44.6996466431095,41.8727915194346
EPI_ISL_277675|Swine|H3N2|2017.507|Asia|,2017.507,-431.6,42.8150765606596,1698,1698,44.6996466431095,41.8727915194346
EPI_ISL_277694|Swine|H3N2|2017.507|Asia|,2017.507,-424.4,42.5795053003534,1698,1698,44.1696113074205,41.7844522968198
EPI_ISL_277693|Swine|H3N2|2017.507|Asia|,2017.507,-424.4,42.5795053003534,1698,1698,44.1696113074205,41.7844522968198
EPI_ISL_277692|Swine|H3N2|2017.507|Asia|,2017.507,-424.4,42.5795053003534,1698,1698,44.1696113074205,41.7844522968198
EPI_ISL_277691|Swine|H3N2|2017.507|Asia|,2017.507,-424.4,42.5795053003534,1698,1698,44.1696113074205,41.7844522968198
EPI_ISL_277690|Swine|H3N2|2017.507|Asia|,2017.507,-424.4,42.5795053003534,1698,1698,44.1696113074205,41.7844522968198
EPI_ISL_277689|Swine|H3N2|2017.507|Asia|,2017.507,-424.4,42.5795053003534,1698,1698,44.1696113074205,41.7844522968198
EPI_ISL_277688|Swine|H3N2|2017.507|Asia|,2017.507,-424.4,42.5795053003534,1698,1698,44.1696113074205,41.7844522968198
EPI_ISL_277687|Swine|H3N2|2017.507|Asia|,2017.507,-424.4,42.5795053003534,1698,1698,44.1696113074205,41.7844522968198
EPI_ISL_277686|Swine|H3N2|2017.507|Asia|,2017.507,-424.4,42.5795053003534,1698,1698,44.1696113074205,41.7844522968198
EPI_ISL_277685|Swine|H3N2|2017.507|Asia|,2017.507,-424.4,42.5795053003534,1698,1698,44.1696113074205,41.7844522968198
EPI_ISL_277684|Swine|H3N2|2017.507|Asia|,2017.507,-424.4,42.5795053003534,1698,1698,44.1696113074205,41.7844522968198
EPI_ISL_277683|Swine|H3N2|2017.507|Asia|,2017.507,-424.4,42.5795053003534,1698,1698,44.1696113074205,41.7844522968198
EPI_ISL_277677|Swine|H3N2|2017.507|Asia|,2017.507,-424.4,42.5795053003534,1698,1698,44.1696113074205,41.7844522968198
EPI_ISL_285949|Swine|H3N2|2017.507|Asia|,2017.507,-424.4,42.5795053003534,1698,1698,44.1696113074205,41.7844522968198
EPI_ISL_310048|Swine|H3N2|2018.096|Asia|,2018.096,-426.6,42.6972909305065,1698,1698,44.5229681978799,41.7844522968198
EPI_ISL_310028|Swine|H3N2|2018.096|Asia|,2018.096,-426.6,42.6972909305065,1698,1698,44.5229681978799,41.7844522968198
EPI_ISL_310027|Swine|H3N2|2018.096|Asia|,2018.096,-426.6,42.756183745583,1698,1698,44.6996466431095,41.7844522968198
EPI_ISL_310068|Swine|H3N2|2018.096|Asia|,2018.096,-431.3,42.8150765606596,1698,1698,44.5229681978799,41.9611307420495
EPI_ISL_310070|Swine|H3N2|2018.096|Asia|,2018.096,-424.3,42.756183745583,1698,1698,44.6996466431095,41.7844522968198
EPI_ISL_310031|Swine|H3N2|2018.096|Asia|,2018.096,-424.3,42.756183745583,1698,1698,44.6996466431095,41.7844522968198
EPI_ISL_310026|Swine|H3N2|2018.096|Asia|,2018.096,-424.3,42.756183745583,1698,1698,44.6996466431095,41.7844522968198
EPI_ISL_310059|Swine|H3N2|2018.096|Asia|,2018.096,-428.7,42.8150765606596,1698,1698,44.6996466431095,41.8727915194346
EPI_ISL_310040|Swine|H3N2|2018.096|Asia|,2018.096,-428.7,42.8150765606596,1698,1698,44.6996466431095,41.8727915194346
EPI_ISL_312232|Swine|H3N2|2018.096|Asia|,2018.096,-428.7,42.8150765606596,1698,1698,44.6996466431095,41.8727915194346
EPI_ISL_310030|Swine|H3N2|2018.096|Asia|,2018.096,-429.3,42.6972909305065,1698,1698,44.5229681978799,41.7844522968198
EPI_ISL_310069|Swine|H3N2|2018.096|Asia|,2018.096,-431.3,42.756183745583,1698,1698,44.5229681978799,41.8727915194346
EPI_ISL_310067|Swine|H3N2|2018.096|Asia|,2018.096,-431.3,42.756183745583,1698,1698,44.5229681978799,41.8727915194346
EPI_ISL_310066|Swine|H3N2|2018.096|Asia|,2018.096,-431.3,42.756183745583,1698,1698,44.5229681978799,41.8727915194346
EPI_ISL_310063|Swine|H3N2|2018.096|Asia|,2018.096,-431.3,42.756183745583,1698,1698,44.5229681978799,41.8727915194346
EPI_ISL_310058|Swine|H3N2|2018.096|Asia|,2018.096,-431.3,42.756183745583,1698,1698,44.5229681978799,41.8727915194346
EPI_ISL_310057|Swine|H3N2|2018.096|Asia|,2018.096,-431.3,42.756183745583,1698,1698,44.5229681978799,41.8727915194346
EPI_ISL_310056|Swine|H3N2|2018.096|Asia|,2018.096,-431.3,42.756183745583,1698,1698,44.5229681978799,41.8727915194346
EPI_ISL_310055|Swine|H3N2|2018.096|Asia|,2018.096,-431.3,42.756183745583,1698,1698,44.5229681978799,41.8727915194346
EPI_ISL_310054|Swine|H3N2|2018.096|Asia|,2018.096,-431.3,42.756183745583,1698,1698,44.5229681978799,41.8727915194346
EPI_ISL_310053|Swine|H3N2|2018.096|Asia|,2018.096,-431.3,42.756183745583,1698,1698,44.5229681978799,41.8727915194346
EPI_ISL_310050|Swine|H3N2|2018.096|Asia|,2018.096,-431.3,42.756183745583,1698,1698,44.5229681978799,41.8727915194346
EPI_ISL_310042|Swine|H3N2|2018.096|Asia|,2018.096,-431.3,42.756183745583,1698,1698,44.5229681978799,41.8727915194346
EPI_ISL_310041|Swine|H3N2|2018.096|Asia|,2018.096,-431.3,42.756183745583,1698,1698,44.5229681978799,41.8727915194346
EPI_ISL_310039|Swine|H3N2|2018.096|Asia|,2018.096,-431.3,42.756183745583,1698,1698,44.5229681978799,41.8727915194346
EPI_ISL_310038|Swine|H3N2|2018.096|Asia|,2018.096,-431.3,42.756183745583,1698,1698,44.5229681978799,41.8727915194346
EPI_ISL_310035|Swine|H3N2|2018.096|Asia|,2018.096,-431.3,42.756183745583,1698,1698,44.5229681978799,41.8727915194346
EPI_ISL_310034|Swine|H3N2|2018.096|Asia|,2018.096,-431.3,42.756183745583,1698,1698,44.5229681978799,41.8727915194346
EPI_ISL_310029|Swine|H3N2|2018.096|Asia|,2018.096,-431.3,42.756183745583,1698,1698,44.5229681978799,41.8727915194346
EPI_ISL_312238|Swine|H3N2|2018.096|Asia|,2018.096,-431.3,42.756183745583,1698,1698,44.5229681978799,41.8727915194346
EPI_ISL_312237|Swine|H3N2|2018.096|Asia|,2018.096,-431.3,42.756183745583,1698,1698,44.5229681978799,41.8727915194346
EPI_ISL_312236|Swine|H3N2|2018.096|Asia|,2018.096,-431.3,42.756183745583,1698,1698,44.5229681978799,41.8727915194346
EPI_ISL_312235|Swine|H3N2|2018.096|Asia|,2018.096,-431.3,42.756183745583,1698,1698,44.5229681978799,41.8727915194346
EPI_ISL_312234|Swine|H3N2|2018.096|Asia|,2018.096,-431.3,42.756183745583,1698,1698,44.5229681978799,41.8727915194346
EPI_ISL_312230|Swine|H3N2|2018.096|Asia|,2018.096,-431.3,42.756183745583,1698,1698,44.5229681978799,41.8727915194346
EPI_ISL_312229|Swine|H3N2|2018.096|Asia|,2018.096,-431.3,42.756183745583,1698,1698,44.5229681978799,41.8727915194346
EPI_ISL_312228|Swine|H3N2|2018.096|Asia|,2018.096,-431.3,42.756183745583,1698,1698,44.5229681978799,41.8727915194346
EPI_ISL_312227|Swine|H3N2|2018.096|Asia|,2018.096,-431.3,42.756183745583,1698,1698,44.5229681978799,41.8727915194346
EPI_ISL_310045|Swine|H3N2|2018.096|Asia|,2018.096,-433.9,42.8150765606596,1698,1698,44.6996466431095,41.8727915194346
EPI_ISL_312231|Swine|H3N2|2018.096|Asia|,2018.096,-433.9,42.8150765606596,1698,1698,44.6996466431095,41.8727915194346
EPI_ISL_312233|Swine|H3N2|2018.096|Asia|,2018.096,-431.8,42.8150765606596,1698,1698,44.5229681978799,41.9611307420495
EPI_ISL_310046|Swine|H3N2|2018.096|Asia|,2018.096,-430.9,42.6972909305065,1698,1698,44.3462897526502,41.8727915194346
EPI_ISL_310043|Swine|H3N2|2018.096|Asia|,2018.096,-428.3,42.7224513847967,1697,1698,44.4247787610619,41.8727915194346
EPI_ISL_310052|Swine|H3N2|2018.096|Asia|,2018.096,-430.1,42.6972909305065,1698,1698,44.3462897526502,41.8727915194346
EPI_ISL_310049|Swine|H3N2|2018.096|Asia|,2018.096,-430.1,42.6972909305065,1698,1698,44.3462897526502,41.8727915194346
EPI_ISL_310047|Swine|H3N2|2018.096|Asia|,2018.096,-430.1,42.6972909305065,1698,1698,44.3462897526502,41.8727915194346
EPI_ISL_310062|Swine|H3N2|2018.096|Asia|,2018.096,-429.5,42.6972909305065,1698,1698,44.3462897526502,41.8727915194346
EPI_ISL_310061|Swine|H3N2|2018.096|Asia|,2018.096,-429.6,42.6383981154299,1698,1698,44.3462897526502,41.7844522968198
EPI_ISL_310033|Swine|H3N2|2018.096|Asia|,2018.096,-431.4,42.6972909305065,1698,1698,44.3462897526502,41.8727915194346
EPI_ISL_29810|Swine|H3N2|2007|NorthAmerica|,2007,-437.5,42.6972909305065,1698,1698,43.9929328621908,42.0494699646643
EPI_ISL_381061|Swine|H3N2|2015.03|NorthAmerica|,2015.03,-424.3,41.9905771495878,1698,1698,42.5795053003534,41.696113074205
EPI_ISL_151010|Swine|H3N2|2006.329|NorthAmerica|,2006.329,-431.9,42.2850412249706,1698,1698,43.1095406360424,41.8727915194346
EPI_ISL_151015|Swine|H3N2|2007.754|NorthAmerica|,2007.754,-428.3,42.4028268551237,1698,1698,43.4628975265018,41.8727915194346
EPI_ISL_90371|Swine|H3N2|2010.915|NorthAmerica|,2010.915,-419.4,42.756183745583,1698,1698,43.9929328621908,42.1378091872792
EPI_ISL_207045|Swine|H3N2|2012.735|NorthAmerica|,2012.735,-428.1,42.6972909305065,1698,1698,43.1095406360424,42.4911660777385
EPI_ISL_207057|Swine|H3N2|2012.814|NorthAmerica|,2012.814,-432.6,42.6383981154299,1698,1698,42.9328621908127,42.4911660777385
EPI_ISL_207049|Swine|H3N2|2012.776|NorthAmerica|,2012.776,-432.2,42.6972909305065,1698,1698,43.1095406360424,42.4911660777385
EPI_ISL_132375|Swine|H3N2|2012.749|NorthAmerica|,2012.749,-419.2,42.226148409894,1698,1698,42.5795053003534,42.0494699646643
EPI_ISL_271055|Swine|H3N2|2012.831|NorthAmerica|,2012.831,-421.5,42.2850412249706,1698,1698,42.4028268551237,42.226148409894
EPI_ISL_271743|Swine|H3N2|2012.831|NorthAmerica|,2012.831,-424.1,42.1672555948174,1698,1698,42.226148409894,42.1378091872792
EPI_ISL_271074|Swine|H3N2|2012.008|NorthAmerica|,2012.008,-421.4,42.1083627797409,1698,1698,42.0494699646643,42.1378091872792
EPI_ISL_271752|Swine|H3N2|2012.008|NorthAmerica|,2012.008,-421.4,42.1083627797409,1698,1698,42.0494699646643,42.1378091872792
EPI_ISL_271665|Swine|H3N2|2012.008|NorthAmerica|,2012.008,-421.4,42.1083627797409,1698,1698,42.0494699646643,42.1378091872792
EPI_ISL_271084|Swine|H3N2|2012.831|NorthAmerica|,2012.831,-421.4,42.1083627797409,1698,1698,42.0494699646643,42.1378091872792
EPI_ISL_271658|Swine|H3N2|2011.937|NorthAmerica|,2011.937,-421.7,42.0494699646643,1698,1698,41.8727915194346,42.1378091872792
EPI_ISL_271657|Swine|H3N2|2012.831|NorthAmerica|,2012.831,-422.8,42.1672555948174,1698,1698,42.226148409894,42.1378091872792
EPI_ISL_271081|Swine|H3N2|2012.008|NorthAmerica|,2012.008,-421.8,42.226148409894,1698,1698,42.226148409894,42.226148409894
EPI_ISL_271744|Swine|H3N2|2012.008|NorthAmerica|,2012.008,-421.8,42.226148409894,1698,1698,42.226148409894,42.226148409894
EPI_ISL_271644|Swine|H3N2|2012.008|NorthAmerica|,2012.008,-421.8,42.226148409894,1698,1698,42.226148409894,42.226148409894
EPI_ISL_271736|Swine|H3N2|2012.831|NorthAmerica|,2012.831,-421.8,42.1672555948174,1698,1698,42.0494699646643,42.226148409894
EPI_ISL_207967|Swine|H3N2|2014.866|NorthAmerica|,2014.866,-418.9,42.756183745583,1698,1698,43.4628975265018,42.4028268551237
EPI_ISL_282460|Swine|H3N2|2016.915|NorthAmerica|,2016.915,-420.5,42.6383981154299,1698,1698,43.1095406360424,42.4028268551237
EPI_ISL_378581|Swine|H3N2|2017.126|NorthAmerica|,2017.126,-411.6,42.5206124852768,1698,1698,43.1095406360424,42.226148409894
EPI_ISL_93358|Swine|H3N2|2010.973|NorthAmerica|,2010.973,-434.8,42.6383981154299,1698,1698,43.4628975265018,42.226148409894
EPI_ISL_207067|Swine|H3N2|2013.079|NorthAmerica|,2013.079,-423.7,41.8727915194346,1698,1698,41.8727915194346,41.8727915194346
EPI_ISL_207073|Swine|H3N2|2013.156|NorthAmerica|,2013.156,-422.2,41.8727915194346,1698,1698,41.8727915194346,41.8727915194346
EPI_ISL_207080|Swine|H3N2|2013.274|NorthAmerica|,2013.274,-422.2,41.8727915194346,1698,1698,41.8727915194346,41.8727915194346
EPI_ISL_236811|Swine|H3N2|2016.071|NorthAmerica|,2016.071,-435.2,42.1672555948174,1698,1698,42.0494699646643,42.226148409894
EPI_ISL_236208|Swine|H3N2|2014.46|NorthAmerica|,2014.46,-425.9,41.9316843345112,1698,1698,41.696113074205,42.0494699646643
EPI_ISL_373112|Swine|H3N2|2018.329|NorthAmerica|,2018.329,-422.1,41.696113074205,1698,1698,41.8727915194346,41.6077738515901
EPI_ISL_378994|Swine|H3N2|2017.479|NorthAmerica|,2017.479,-413.6,41.7550058892815,1698,1698,41.3427561837456,41.9611307420495
EPI_ISL_378977|Swine|H3N2|2017.329|NorthAmerica|,2017.329,-420.8,41.4605418138987,1698,1698,40.6360424028269,41.8727915194346
EPI_ISL_253719|Swine|H3N2|2016.956|NorthAmerica|,2016.956,-443.4,42.1083627797409,1698,1698,42.226148409894,42.0494699646643
EPI_ISL_256554|Swine|H3N2|2017.052|NorthAmerica|,2017.052,-438.4,42.2850412249706,1698,1698,42.4028268551237,42.226148409894
EPI_ISL_236813|Swine|H3N2|2016.071|NorthAmerica|,2016.071,-428.3,41.8138987043581,1698,1698,41.3427561837456,42.0494699646643
EPI_ISL_282695|Swine|H3N2|2015.959|NorthAmerica|,2015.959,-419.4,41.4016489988221,1698,1698,41.5194346289753,41.3427561837456
EPI_ISL_282546|Swine|H3N2|2016.109|NorthAmerica|,2016.109,-420.5,41.2249705535925,1698,1698,40.9893992932862,41.3427561837456
EPI_ISL_282518|Swine|H3N2|2016.339|NorthAmerica|,2016.339,-421.5,41.283863368669,1698,1698,41.1660777385159,41.3427561837456
EPI_ISL_282461|Swine|H3N2|2016.915|NorthAmerica|,2016.915,-438.5,42.3439340400471,1698,1698,43.1095406360424,41.9611307420495
EPI_ISL_378987|Swine|H3N2|2017.321|NorthAmerica|,2017.321,-441.8,42.226148409894,1698,1698,43.1095406360424,41.7844522968198
EPI_ISL_207056|Swine|H3N2|2012.814|NorthAmerica|,2012.814,-423,41.9905771495878,1698,1698,41.8727915194346,42.0494699646643
EPI_ISL_207060|Swine|H3N2|2012.929|NorthAmerica|,2012.929,-421.8,41.9905771495878,1698,1698,41.696113074205,42.1378091872792
EPI_ISL_208064|Swine|H3N2|2015.345|NorthAmerica|,2015.345,-428.9,41.9316843345112,1698,1698,41.8727915194346,41.9611307420495
EPI_ISL_147198|Swine|H3N2|2013.074|NorthAmerica|,2013.074,-421,41.9316843345112,1698,1698,41.8727915194346,41.9611307420495
EPI_ISL_207065|Swine|H3N2|2012.964|NorthAmerica|,2012.964,-420.8,41.8727915194346,1698,1698,41.696113074205,41.9611307420495
EPI_ISL_207069|Swine|H3N2|2013.079|NorthAmerica|,2013.079,-421.4,41.9316843345112,1698,1698,41.8727915194346,41.9611307420495
EPI_ISL_207063|Swine|H3N2|2012.929|NorthAmerica|,2012.929,-423.4,41.8727915194346,1698,1698,41.8727915194346,41.8727915194346
EPI_ISL_207058|Swine|H3N2|2012.85|NorthAmerica|,2012.85,-423.6,41.9316843345112,1698,1698,41.8727915194346,41.9611307420495
EPI_ISL_207070|Swine|H3N2|2013.079|NorthAmerica|,2013.079,-423.5,42.0494699646643,1698,1698,41.8727915194346,42.1378091872792
EPI_ISL_207115|Swine|H3N2|2013.693|NorthAmerica|,2013.693,-422.3,42.1083627797409,1698,1698,41.8727915194346,42.226148409894
EPI_ISL_207074|Swine|H3N2|2013.195|NorthAmerica|,2013.195,-422.2,42.0494699646643,1698,1698,42.0494699646643,42.0494699646643
EPI_ISL_282716|Swine|H3N2|2015.348|NorthAmerica|,2015.348,-418.1,41.5783274440518,1698,1698,40.8127208480565,41.9611307420495
EPI_ISL_282714|Swine|H3N2|2015.34|NorthAmerica|,2015.34,-418.1,41.6372202591284,1698,1698,40.8127208480565,42.0494699646643
EPI_ISL_207154|Swine|H3N2|2013.885|NorthAmerica|,2013.885,-426.9,42.1083627797409,1698,1698,42.0494699646643,42.1378091872792
EPI_ISL_207109|Swine|H3N2|2013.655|NorthAmerica|,2013.655,-426.3,42.1672555948174,1698,1698,42.226148409894,42.1378091872792
EPI_ISL_207086|Swine|H3N2|2013.351|NorthAmerica|,2013.351,-424.8,42.1672555948174,1698,1698,42.226148409894,42.1378091872792
EPI_ISL_207101|Swine|H3N2|2013.619|NorthAmerica|,2013.619,-424.8,42.1672555948174,1698,1698,42.226148409894,42.1378091872792
EPI_ISL_207094|Swine|H3N2|2013.463|NorthAmerica|,2013.463,-423.7,42.226148409894,1698,1698,42.226148409894,42.226148409894
EPI_ISL_151994|Swine|H3N2|2013.23|NorthAmerica|,2013.23,-424.2,42.226148409894,1698,1698,42.5795053003534,42.0494699646643
EPI_ISL_207079|Swine|H3N2|2013.236|NorthAmerica|,2013.236,-421.7,42.1083627797409,1698,1698,42.0494699646643,42.1378091872792
EPI_ISL_207085|Swine|H3N2|2013.351|NorthAmerica|,2013.351,-424.6,42.0494699646643,1698,1698,42.0494699646643,42.0494699646643
EPI_ISL_151136|Swine|H3N2|2013.23|NorthAmerica|,2013.23,-424.2,42.1083627797409,1698,1698,42.226148409894,42.0494699646643
EPI_ISL_151988|Swine|H3N2|2013.23|NorthAmerica|,2013.23,-424.2,42.1083627797409,1698,1698,42.226148409894,42.0494699646643
EPI_ISL_207093|Swine|H3N2|2013.463|NorthAmerica|,2013.463,-428.6,41.9905771495878,1698,1698,42.226148409894,41.8727915194346
EPI_ISL_207171|Swine|H3N2|2013.962|NorthAmerica|,2013.962,-417.9,41.8727915194346,1698,1698,42.0494699646643,41.7844522968198
EPI_ISL_282527|Swine|H3N2|2016.221|NorthAmerica|,2016.221,-422.6,41.5194346289753,1698,1698,40.8127208480565,41.8727915194346
EPI_ISL_207990|Swine|H3N2|2015.282|NorthAmerica|,2015.282,-431.6,41.8138987043581,1698,1698,41.8727915194346,41.7844522968198
EPI_ISL_207975|Swine|H3N2|2014.94|NorthAmerica|,2014.94,-431,41.8138987043581,1698,1698,41.8727915194346,41.7844522968198
EPI_ISL_208068|Swine|H3N2|2015.345|NorthAmerica|,2015.345,-429.2,41.8138987043581,1698,1698,41.696113074205,41.8727915194346
EPI_ISL_207986|Swine|H3N2|2015.033|NorthAmerica|,2015.033,-429.2,41.7550058892815,1698,1698,41.696113074205,41.7844522968198
EPI_ISL_378641|Swine|H3N2|2017.299|NorthAmerica|,2017.299,-417.5,41.1071849234393,1698,1698,40.2826855123675,41.5194346289753
EPI_ISL_282509|Swine|H3N2|2016.399|NorthAmerica|,2016.399,-417.3,41.3427561837456,1698,1698,41.1660777385159,41.4310954063604
EPI_ISL_282486|Swine|H3N2|2016.609|NorthAmerica|,2016.609,-421.6,41.283863368669,1698,1698,40.9893992932862,41.4310954063604
EPI_ISL_282507|Swine|H3N2|2016.383|NorthAmerica|,2016.383,-425,41.6372202591284,1698,1698,41.5194346289753,41.696113074205
EPI_ISL_282500|Swine|H3N2|2016.552|NorthAmerica|,2016.552,-420.5,41.5783274440518,1698,1698,41.5194346289753,41.6077738515901
EPI_ISL_282488|Swine|H3N2|2016.609|NorthAmerica|,2016.609,-421.8,41.696113074205,1698,1698,41.3427561837456,41.8727915194346
EPI_ISL_282480|Swine|H3N2|2016.762|NorthAmerica|,2016.762,-413.9,41.5783274440518,1698,1698,41.8727915194346,41.4310954063604
EPI_ISL_299188|Swine|H3N2|2018.022|NorthAmerica|,2018.022,-414.6,41.6372202591284,1698,1698,41.5194346289753,41.696113074205
EPI_ISL_378649|Swine|H3N2|2017.167|NorthAmerica|,2017.167,-415.7,41.5194346289753,1698,1698,40.9893992932862,41.7844522968198
EPI_ISL_207962|Swine|H3N2|2014.633|NorthAmerica|,2014.633,-421.4,41.8727915194346,1698,1698,41.696113074205,41.9611307420495
EPI_ISL_207961|Swine|H3N2|2014.595|NorthAmerica|,2014.595,-422.2,41.696113074205,1698,1698,41.5194346289753,41.7844522968198
EPI_ISL_207084|Swine|H3N2|2013.351|NorthAmerica|,2013.351,-421.2,41.8138987043581,1698,1698,41.8727915194346,41.7844522968198
EPI_ISL_207078|Swine|H3N2|2013.236|NorthAmerica|,2013.236,-422,41.9905771495878,1698,1698,42.0494699646643,41.9611307420495
EPI_ISL_207064|Swine|H3N2|2012.964|NorthAmerica|,2012.964,-425.4,41.9905771495878,1698,1698,41.8727915194346,42.0494699646643
EPI_ISL_207068|Swine|H3N2|2013.079|NorthAmerica|,2013.079,-422.8,41.8727915194346,1698,1698,41.696113074205,41.9611307420495
EPI_ISL_207066|Swine|H3N2|2012.964|NorthAmerica|,2012.964,-423.1,41.9316843345112,1698,1698,41.8727915194346,41.9611307420495
EPI_ISL_207077|Swine|H3N2|2013.195|NorthAmerica|,2013.195,-423.1,41.9316843345112,1698,1698,41.8727915194346,41.9611307420495
EPI_ISL_207098|Swine|H3N2|2013.543|NorthAmerica|,2013.543,-423.1,41.9905771495878,1698,1698,41.8727915194346,42.0494699646643
EPI_ISL_207097|Swine|H3N2|2013.543|NorthAmerica|,2013.543,-424.7,42.1083627797409,1698,1698,42.226148409894,42.0494699646643
EPI_ISL_207096|Swine|H3N2|2013.501|NorthAmerica|,2013.501,-423.3,42.0494699646643,1698,1698,42.0494699646643,42.0494699646643
EPI_ISL_207095|Swine|H3N2|2013.463|NorthAmerica|,2013.463,-423.3,42.0494699646643,1698,1698,42.0494699646643,42.0494699646643
EPI_ISL_207075|Swine|H3N2|2013.195|NorthAmerica|,2013.195,-422.2,42.0494699646643,1698,1698,41.8727915194346,42.1378091872792
EPI_ISL_207087|Swine|H3N2|2013.351|NorthAmerica|,2013.351,-425.2,42.1083627797409,1698,1698,42.226148409894,42.0494699646643
EPI_ISL_207091|Swine|H3N2|2013.463|NorthAmerica|,2013.463,-424.7,42.0494699646643,1698,1698,42.0494699646643,42.0494699646643
EPI_ISL_207090|Swine|H3N2|2013.389|NorthAmerica|,2013.389,-426.8,41.9316843345112,1698,1698,42.0494699646643,41.8727915194346
EPI_ISL_207100|Swine|H3N2|2013.619|NorthAmerica|,2013.619,-425.8,41.9316843345112,1698,1698,42.0494699646643,41.8727915194346
EPI_ISL_97112|Swine|H3N2|2011.334|NorthAmerica|,2011.334,-428.1,42.4028268551237,1698,1698,42.9328621908127,42.1378091872792
EPI_ISL_282724|Swine|H3N2|2015.227|NorthAmerica|,2015.227,-418.1,42.4617196702002,1698,1698,43.1095406360424,42.1378091872792
EPI_ISL_282723|Swine|H3N2|2015.227|NorthAmerica|,2015.227,-420.8,42.1672555948174,1698,1698,43.2862190812721,41.6077738515901
EPI_ISL_207052|Swine|H3N2|2012.792|NorthAmerica|,2012.792,-423.8,42.3439340400471,1698,1698,42.5795053003534,42.226148409894
EPI_ISL_207050|Swine|H3N2|2012.792|NorthAmerica|,2012.792,-421.7,42.3439340400471,1698,1698,42.5795053003534,42.226148409894
EPI_ISL_282470|Swine|H3N2|2016.803|NorthAmerica|,2016.803,-425.9,42.226148409894,1698,1698,42.4028268551237,42.1378091872792
EPI_ISL_378617|Swine|H3N2|2017.318|NorthAmerica|,2017.318,-425.7,42.3439340400471,1698,1698,42.5795053003534,42.226148409894
EPI_ISL_282474|Swine|H3N2|2016.664|NorthAmerica|,2016.664,-424.4,42.4617196702002,1698,1698,42.9328621908127,42.226148409894
EPI_ISL_282519|Swine|H3N2|2016.342|NorthAmerica|,2016.342,-423.5,42.4028268551237,1698,1698,43.1095406360424,42.0494699646643
EPI_ISL_207038|Swine|H3N2|2012.317|NorthAmerica|,2012.317,-417.2,42.1083627797409,1698,1698,42.0494699646643,42.1378091872792
EPI_ISL_93351|Swine|H3N2|2010.932|NorthAmerica|,2010.932,-432.8,42.5206124852768,1698,1698,43.8162544169611,41.8727915194346
EPI_ISL_271639|Swine|H3N2|2011.937|NorthAmerica|,2011.937,-423.8,42.4028268551237,1698,1698,43.6395759717314,41.7844522968198
EPI_ISL_271072|Swine|H3N2|2012.831|NorthAmerica|,2012.831,-434,42.5795053003534,1698,1698,43.8162544169611,41.9611307420495
EPI_ISL_271725|Swine|H3N2|2011.937|NorthAmerica|,2011.937,-432.6,42.5206124852768,1698,1698,43.6395759717314,41.9611307420495
EPI_ISL_282538|Swine|H3N2|2016.033|NorthAmerica|,2016.033,-433.6,42.1083627797409,1698,1698,42.9328621908127,41.696113074205
EPI_ISL_207142|Swine|H3N2|2013.773|NorthAmerica|,2013.773,-430.9,42.4617196702002,1698,1698,43.4628975265018,41.9611307420495
EPI_ISL_236196|Swine|H3N2|2014.052|NorthAmerica|,2014.052,-430.9,42.4617196702002,1698,1698,43.4628975265018,41.9611307420495
EPI_ISL_207043|Swine|H3N2|2012.511|NorthAmerica|,2012.511,-435.9,42.3439340400471,1698,1698,43.2862190812721,41.8727915194346
EPI_ISL_207037|Swine|H3N2|2012.317|NorthAmerica|,2012.317,-434.5,42.4028268551237,1698,1698,43.4628975265018,41.8727915194346
EPI_ISL_207042|Swine|H3N2|2012.451|NorthAmerica|,2012.451,-434,42.5206124852768,1698,1698,43.6395759717314,41.9611307420495
EPI_ISL_207032|Swine|H3N2|2012.085|NorthAmerica|,2012.085,-440.2,42.4617196702002,1698,1698,43.6395759717314,41.8727915194346
EPI_ISL_207061|Swine|H3N2|2012.929|NorthAmerica|,2012.929,-433.2,42.2850412249706,1698,1698,43.6395759717314,41.6077738515901
EPI_ISL_207047|Swine|H3N2|2012.776|NorthAmerica|,2012.776,-431.8,42.3439340400471,1698,1698,43.6395759717314,41.696113074205
EPI_ISL_127895|Swine|H3N2|2012.107|NorthAmerica|,2012.107,-425,42.226148409894,1698,1698,43.1095406360424,41.7844522968198
EPI_ISL_207033|Swine|H3N2|2012.087|NorthAmerica|,2012.087,-421.8,42.2850412249706,1698,1698,43.1095406360424,41.8727915194346
EPI_ISL_130121|Swine|H3N2|2012.415|NorthAmerica|,2012.415,-436.2,42.5206124852768,1698,1698,44.1696113074205,41.696113074205
EPI_ISL_134289|Swine|H3N2|2012.926|NorthAmerica|,2012.926,-431.1,42.226148409894,1698,1698,43.1095406360424,41.7844522968198
EPI_ISL_245076|Swine|H3N2|2016.798|NorthAmerica|,2016.798,-438.8,42.4028268551237,1698,1698,43.1095406360424,42.0494699646643
EPI_ISL_280163|Swine|H3N2|2017.564|NorthAmerica|,2017.564,-427.9,42.6972909305065,1698,1698,42.9328621908127,42.5795053003534
EPI_ISL_127727|Swine|H3N2|2012.309|NorthAmerica|,2012.309,-435.7,42.3439340400471,1698,1698,43.6395759717314,41.696113074205
EPI_ISL_281933|Swine|H3N2|2013.151|NorthAmerica|,2013.151,-433.9,42.2850412249706,1698,1698,43.1095406360424,41.8727915194346
EPI_ISL_271048|Swine|H3N2|2012.664|NorthAmerica|,2012.664,-434.8,42.2850412249706,1698,1698,43.1095406360424,41.8727915194346
EPI_ISL_271077|Swine|H3N2|2012.664|NorthAmerica|,2012.664,-432.9,42.226148409894,1698,1698,43.1095406360424,41.7844522968198
EPI_ISL_271067|Swine|H3N2|2012.664|NorthAmerica|,2012.664,-432.9,42.226148409894,1698,1698,43.1095406360424,41.7844522968198
EPI_ISL_271065|Swine|H3N2|2012.664|NorthAmerica|,2012.664,-432.9,42.226148409894,1698,1698,43.1095406360424,41.7844522968198
EPI_ISL_271057|Swine|H3N2|2012.664|NorthAmerica|,2012.664,-432.9,42.226148409894,1698,1698,43.1095406360424,41.7844522968198
EPI_ISL_271052|Swine|H3N2|2012.664|NorthAmerica|,2012.664,-432.9,42.226148409894,1698,1698,43.1095406360424,41.7844522968198
EPI_ISL_271050|Swine|H3N2|2012.664|NorthAmerica|,2012.664,-432.9,42.226148409894,1698,1698,43.1095406360424,41.7844522968198
EPI_ISL_271039|Swine|H3N2|2012.664|NorthAmerica|,2012.664,-432.9,42.226148409894,1698,1698,43.1095406360424,41.7844522968198
EPI_ISL_271758|Swine|H3N2|2012.664|NorthAmerica|,2012.664,-432.9,42.226148409894,1698,1698,43.1095406360424,41.7844522968198
EPI_ISL_271756|Swine|H3N2|2012.907|NorthAmerica|,2012.907,-432.9,42.226148409894,1698,1698,43.1095406360424,41.7844522968198
EPI_ISL_271755|Swine|H3N2|2012.664|NorthAmerica|,2012.664,-432.9,42.226148409894,1698,1698,43.1095406360424,41.7844522968198
EPI_ISL_271734|Swine|H3N2|2012.664|NorthAmerica|,2012.664,-432.9,42.226148409894,1698,1698,43.1095406360424,41.7844522968198
EPI_ISL_271730|Swine|H3N2|2012.664|NorthAmerica|,2012.664,-432.9,42.226148409894,1698,1698,43.1095406360424,41.7844522968198
EPI_ISL_271729|Swine|H3N2|2012.664|NorthAmerica|,2012.664,-432.9,42.226148409894,1698,1698,43.1095406360424,41.7844522968198
EPI_ISL_271663|Swine|H3N2|2012.664|NorthAmerica|,2012.664,-432.9,42.226148409894,1698,1698,43.1095406360424,41.7844522968198
EPI_ISL_271662|Swine|H3N2|2012.664|NorthAmerica|,2012.664,-432.9,42.226148409894,1698,1698,43.1095406360424,41.7844522968198
EPI_ISL_271652|Swine|H3N2|2012.568|NorthAmerica|,2012.568,-432.9,42.226148409894,1698,1698,43.1095406360424,41.7844522968198
EPI_ISL_271641|Swine|H3N2|2012.664|NorthAmerica|,2012.664,-432.9,42.226148409894,1698,1698,43.1095406360424,41.7844522968198
EPI_ISL_271086|Swine|H3N2|2012.664|NorthAmerica|,2012.664,-432.9,42.226148409894,1698,1698,43.1095406360424,41.7844522968198
EPI_ISL_271082|Swine|H3N2|2012.664|NorthAmerica|,2012.664,-432.9,42.226148409894,1698,1698,43.1095406360424,41.7844522968198
EPI_ISL_281968|Swine|H3N2|2013.151|NorthAmerica|,2013.151,-432.9,42.226148409894,1698,1698,43.1095406360424,41.7844522968198
EPI_ISL_281960|Swine|H3N2|2013.137|NorthAmerica|,2013.137,-432.9,42.226148409894,1698,1698,43.1095406360424,41.7844522968198
EPI_ISL_281955|Swine|H3N2|2013.151|NorthAmerica|,2013.151,-432.9,42.226148409894,1698,1698,43.1095406360424,41.7844522968198
EPI_ISL_281950|Swine|H3N2|2013.137|NorthAmerica|,2013.137,-432.9,42.226148409894,1698,1698,43.1095406360424,41.7844522968198
EPI_ISL_281948|Swine|H3N2|2013.137|NorthAmerica|,2013.137,-432.9,42.226148409894,1698,1698,43.1095406360424,41.7844522968198
EPI_ISL_281947|Swine|H3N2|2013.151|NorthAmerica|,2013.151,-432.9,42.226148409894,1698,1698,43.1095406360424,41.7844522968198
EPI_ISL_281945|Swine|H3N2|2013.151|NorthAmerica|,2013.151,-432.9,42.226148409894,1698,1698,43.1095406360424,41.7844522968198
EPI_ISL_281943|Swine|H3N2|2013.137|NorthAmerica|,2013.137,-432.9,42.226148409894,1698,1698,43.1095406360424,41.7844522968198
EPI_ISL_281940|Swine|H3N2|2013.137|NorthAmerica|,2013.137,-432.9,42.226148409894,1698,1698,43.1095406360424,41.7844522968198
EPI_ISL_281935|Swine|H3N2|2013.137|NorthAmerica|,2013.137,-432.9,42.226148409894,1698,1698,43.1095406360424,41.7844522968198
EPI_ISL_281930|Swine|H3N2|2013.151|NorthAmerica|,2013.151,-432.9,42.226148409894,1698,1698,43.1095406360424,41.7844522968198
EPI_ISL_281922|Swine|H3N2|2013.137|NorthAmerica|,2013.137,-432.9,42.226148409894,1698,1698,43.1095406360424,41.7844522968198
EPI_ISL_281912|Swine|H3N2|2013.137|NorthAmerica|,2013.137,-432.9,42.226148409894,1698,1698,43.1095406360424,41.7844522968198
EPI_ISL_281911|Swine|H3N2|2013.137|NorthAmerica|,2013.137,-432.9,42.226148409894,1698,1698,43.1095406360424,41.7844522968198
EPI_ISL_281875|Swine|H3N2|2013.137|NorthAmerica|,2013.137,-432.9,42.226148409894,1698,1698,43.1095406360424,41.7844522968198
EPI_ISL_281983|Swine|H3N2|2013.137|NorthAmerica|,2013.137,-432.9,42.226148409894,1698,1698,43.1095406360424,41.7844522968198
EPI_ISL_281982|Swine|H3N2|2013.137|NorthAmerica|,2013.137,-432.9,42.226148409894,1698,1698,43.1095406360424,41.7844522968198
EPI_ISL_281981|Swine|H3N2|2013.137|NorthAmerica|,2013.137,-432.9,42.226148409894,1698,1698,43.1095406360424,41.7844522968198
EPI_ISL_281969|Swine|H3N2|2013.137|NorthAmerica|,2013.137,-432.9,42.226148409894,1698,1698,43.1095406360424,41.7844522968198
EPI_ISL_271040|Swine|H3N2|2012.664|NorthAmerica|,2012.664,-432.9,42.226148409894,1698,1698,43.1095406360424,41.7844522968198
EPI_ISL_281954|Swine|H3N2|2013.137|NorthAmerica|,2013.137,-432.9,42.226148409894,1698,1698,43.1095406360424,41.7844522968198
EPI_ISL_271044|Swine|H3N2|2012.664|NorthAmerica|,2012.664,-432.9,42.1672555948174,1698,1698,42.9328621908127,41.7844522968198
EPI_ISL_271640|Swine|H3N2|2012.664|NorthAmerica|,2012.664,-432.9,42.1672555948174,1698,1698,42.9328621908127,41.7844522968198
EPI_ISL_281949|Swine|H3N2|2013.151|NorthAmerica|,2013.151,-432.9,42.1672555948174,1698,1698,42.9328621908127,41.7844522968198
EPI_ISL_281942|Swine|H3N2|2013.137|NorthAmerica|,2013.137,-432.9,42.1672555948174,1698,1698,42.9328621908127,41.7844522968198
EPI_ISL_124050|Swine|H3N2|2012.369|NorthAmerica|,2012.369,-432.3,42.2850412249706,1698,1698,43.6395759717314,41.6077738515901
EPI_ISL_207072|Swine|H3N2|2013.121|NorthAmerica|,2013.121,-423.6,42.0494699646643,1698,1698,43.4628975265018,41.3427561837456
EPI_ISL_207116|Swine|H3N2|2013.729|NorthAmerica|,2013.729,-418.4,42.226148409894,1698,1698,43.4628975265018,41.6077738515901
EPI_ISL_207036|Swine|H3N2|2012.292|NorthAmerica|,2012.292,-432.8,42.226148409894,1698,1698,43.6395759717314,41.5194346289753
EPI_ISL_130055|Swine|H3N2|2012.183|NorthAmerica|,2012.183,-430.4,42.4617196702002,1698,1698,43.8162544169611,41.7844522968198
EPI_ISL_129999|Swine|H3N2|2012.183|NorthAmerica|,2012.183,-430.4,42.4617196702002,1698,1698,43.8162544169611,41.7844522968198
EPI_ISL_93359|Swine|H3N2|2010.992|NorthAmerica|,2010.992,-424.1,42.4028268551237,1698,1698,43.8162544169611,41.696113074205
EPI_ISL_151016|Swine|H3N2|2008.41|NorthAmerica|,2008.41,-427.5,42.4617196702002,1698,1698,43.4628975265018,41.9611307420495
EPI_ISL_150931|Swine|H3N2|2009.137|NorthAmerica|,2009.137,-433.2,42.4617196702002,1698,1698,43.8162544169611,41.7844522968198
EPI_ISL_207035|Swine|H3N2|2012.221|NorthAmerica|,2012.221,-432.3,42.6972909305065,1698,1698,43.2862190812721,42.4028268551237
EPI_ISL_89332|Swine|H3N2|2009.386|NorthAmerica|,2009.386,-418.8,42.0494699646643,1698,1698,43.1095406360424,41.5194346289753
EPI_ISL_278808|Swine|H3N2|2015.156|NorthAmerica|,2015.156,-418.8,42.0494699646643,1698,1698,43.1095406360424,41.5194346289753
EPI_ISL_104803|Swine|H3N2|2010.159|NorthAmerica|,2010.159,-416.7,41.8138987043581,1698,1698,42.226148409894,41.6077738515901
EPI_ISL_171303|Swine|H3N2|2012.801|NorthAmerica|,2012.801,-432,42.2850412249706,1698,1698,42.5795053003534,42.1378091872792
EPI_ISL_171305|Swine|H3N2|2012.907|NorthAmerica|,2012.907,-435.2,42.2850412249706,1698,1698,42.5795053003534,42.1378091872792
EPI_ISL_171304|Swine|H3N2|2012.929|NorthAmerica|,2012.929,-435.2,42.2850412249706,1698,1698,42.5795053003534,42.1378091872792
EPI_ISL_103847|Swine|H3N2|2011.8|NorthAmerica|,2011.8,-437.3,42.0494699646643,1698,1698,43.1095406360424,41.5194346289753
EPI_ISL_127717|Swine|H3N2|2012.249|NorthAmerica|,2012.249,-433.4,42.0494699646643,1698,1698,43.2862190812721,41.4310954063604
EPI_ISL_378594|Swine|H3N2|2017.299|NorthAmerica|,2017.299,-424.1,42.4617196702002,1698,1698,44.6996466431095,41.3427561837456
EPI_ISL_282459|Swine|H3N2|2016.893|NorthAmerica|,2016.893,-439.2,42.5795053003534,1698,1698,43.2862190812721,42.226148409894
EPI_ISL_378619|Swine|H3N2|2017.041|NorthAmerica|,2017.041,-435,42.5206124852768,1698,1698,43.1095406360424,42.226148409894
EPI_ISL_157605|Swine|H3N2|2013.545|NorthAmerica|,2013.545,-444.8,42.6972909305065,1698,1698,43.9929328621908,42.0494699646643
EPI_ISL_378651|Swine|H3N2|2017.301|NorthAmerica|,2017.301,-425.7,42.4028268551237,1698,1698,43.9929328621908,41.6077738515901
EPI_ISL_378974|Swine|H3N2|2017.375|NorthAmerica|,2017.375,-439.2,41.8138987043581,1698,1698,41.696113074205,41.8727915194346
EPI_ISL_236198|Swine|H3N2|2014.167|NorthAmerica|,2014.167,-439,43.168433451119,1698,1698,43.6395759717314,42.9328621908127
EPI_ISL_151209|Swine|H3N2|2011.915|NorthAmerica|,2011.915,-444.5,42.1672555948174,1698,1698,42.0494699646643,42.226148409894
EPI_ISL_207964|Swine|H3N2|2014.693|NorthAmerica|,2014.693,-424.1,42.1672555948174,1698,1698,41.8727915194346,42.3144876325088
EPI_ISL_282481|Swine|H3N2|2016.798|NorthAmerica|,2016.798,-429.1,42.4617196702002,1698,1698,42.5795053003534,42.4028268551237
EPI_ISL_378620|Swine|H3N2|2017.932|NorthAmerica|,2017.932,-432.6,42.4617196702002,1698,1698,43.1095406360424,42.1378091872792
EPI_ISL_378611|Swine|H3N2|2017.326|NorthAmerica|,2017.326,-428.6,42.2850412249706,1698,1698,42.0494699646643,42.4028268551237
EPI_ISL_237042|Swine|H3N2|2016.686|NorthAmerica|,2016.686,-417.9,41.5194346289753,1698,1698,42.226148409894,41.1660777385159
EPI_ISL_10149|Swine|H3N2|2005|NorthAmerica|,2005,-447.9,42.6383981154299,1698,1698,43.6395759717314,42.1378091872792
EPI_ISL_150833|Swine|H3N2|2005.417|NorthAmerica|,2005.417,-444.6,42.5795053003534,1698,1698,43.4628975265018,42.1378091872792
EPI_ISL_10147|Swine|H3N2|2005|NorthAmerica|,2005,-445.5,42.756183745583,1698,1698,43.4628975265018,42.4028268551237
EPI_ISL_20134|Swine|H3N2|2005.526|NorthAmerica|,2005.526,-446.6,42.5206124852768,1698,1698,42.9328621908127,42.3144876325088
EPI_ISL_89324|Swine|H3N2|2009.252|NorthAmerica|,2009.252,-434.6,42.4617196702002,1698,1698,43.4628975265018,41.9611307420495
EPI_ISL_151009|Swine|H3N2|2006.145|NorthAmerica|,2006.145,-433.4,42.3439340400471,1698,1698,43.1095406360424,41.9611307420495
EPI_ISL_89334|Swine|H3N2|2009.405|NorthAmerica|,2009.405,-442.8,42.899233942251,1697,1698,43.9929328621908,42.3519009725906
EPI_ISL_64466|Swine|H3N2|2006.984|NorthAmerica|,2006.984,-431.5,42.4028268551237,1698,1698,43.6395759717314,41.7844522968198
EPI_ISL_151630|Swine|H3N2|2007.789|NorthAmerica|,2007.789,-436.9,42.4028268551237,1698,1698,43.6395759717314,41.7844522968198
EPI_ISL_63617|Swine|H3N2|2007|NorthAmerica|,2007,-448.4,41.9905771495878,1698,1698,42.4028268551237,41.7844522968198
EPI_ISL_151008|Swine|H3N2|2005.773|NorthAmerica|,2005.773,-436.2,42.6383981154299,1698,1698,43.4628975265018,42.226148409894
EPI_ISL_151007|Swine|H3N2|2005.764|NorthAmerica|,2005.764,-436.2,42.6383981154299,1698,1698,43.4628975265018,42.226148409894
EPI_ISL_134279|Swine|H3N2|2012.806|NorthAmerica|,2012.806,-430,42.226148409894,1698,1698,42.226148409894,42.226148409894
EPI_ISL_96936|Swine|H3N2|2005.052|NorthAmerica|,2005.052,-437.1,42.6383981154299,1698,1698,43.6395759717314,42.1378091872792
EPI_ISL_151011|Swine|H3N2|2006.491|NorthAmerica|,2006.491,-436,42.5206124852768,1698,1698,43.2862190812721,42.1378091872792
EPI_ISL_151019|Swine|H3N2|2009.496|NorthAmerica|,2009.496,-436.6,42.9917550058893,1698,1698,43.9929328621908,42.4911660777385
EPI_ISL_96923|Swine|H3N2|2005.381|NorthAmerica|,2005.381,-440.4,42.5795053003534,1698,1698,43.6395759717314,42.0494699646643
EPI_ISL_150832|Swine|H3N2|2005.304|NorthAmerica|,2005.304,-441.1,42.5795053003534,1698,1698,43.6395759717314,42.0494699646643
EPI_ISL_151203|Swine|H3N2|2005.066|NorthAmerica|,2005.066,-441.3,42.6383981154299,1698,1698,43.6395759717314,42.1378091872792
EPI_ISL_151005|Swine|H3N2|2005.066|NorthAmerica|,2005.066,-441.3,42.6383981154299,1698,1698,43.6395759717314,42.1378091872792
EPI_ISL_151018|Swine|H3N2|2008.459|NorthAmerica|,2008.459,-436.9,42.1672555948174,1698,1698,42.4028268551237,42.0494699646643
EPI_ISL_151017|Swine|H3N2|2008.459|NorthAmerica|,2008.459,-438.6,42.1672555948174,1698,1698,42.4028268551237,42.0494699646643
EPI_ISL_164595|Swine|H3N2|2013.926|Asia|,2013.926,-428.5,41.6372202591284,1698,1698,40.9893992932862,41.9611307420495
EPI_ISL_218261|Swine|H3N2|2015.082|Asia|,2015.082,-432,41.7550058892815,1698,1698,41.1660777385159,42.0494699646643
EPI_ISL_218260|Swine|H3N2|2015.082|Asia|,2015.082,-432,41.7550058892815,1698,1698,41.1660777385159,42.0494699646643
EPI_ISL_218259|Swine|H3N2|2015.082|Asia|,2015.082,-432,41.7550058892815,1698,1698,41.1660777385159,42.0494699646643
EPI_ISL_218258|Swine|H3N2|2015.082|Asia|,2015.082,-432,41.7550058892815,1698,1698,41.1660777385159,42.0494699646643
EPI_ISL_218257|Swine|H3N2|2015.082|Asia|,2015.082,-432,41.7550058892815,1698,1698,41.1660777385159,42.0494699646643
EPI_ISL_218256|Swine|H3N2|2015.082|Asia|,2015.082,-432,41.7550058892815,1698,1698,41.1660777385159,42.0494699646643
EPI_ISL_218255|Swine|H3N2|2015.082|Asia|,2015.082,-432,41.7550058892815,1698,1698,41.1660777385159,42.0494699646643
EPI_ISL_218254|Swine|H3N2|2015.082|Asia|,2015.082,-432,41.7550058892815,1698,1698,41.1660777385159,42.0494699646643
EPI_ISL_218253|Swine|H3N2|2015.082|Asia|,2015.082,-432,41.7550058892815,1698,1698,41.1660777385159,42.0494699646643
EPI_ISL_218252|Swine|H3N2|2015.082|Asia|,2015.082,-432,41.7550058892815,1698,1698,41.1660777385159,42.0494699646643
EPI_ISL_218251|Swine|H3N2|2015.082|Asia|,2015.082,-432,41.7550058892815,1698,1698,41.1660777385159,42.0494699646643
EPI_ISL_218245|Swine|H3N2|2015.082|Asia|,2015.082,-432,41.7550058892815,1698,1698,41.1660777385159,42.0494699646643
EPI_ISL_218244|Swine|H3N2|2015.082|Asia|,2015.082,-432,41.7550058892815,1698,1698,41.1660777385159,42.0494699646643
EPI_ISL_218243|Swine|H3N2|2015.082|Asia|,2015.082,-432,41.7550058892815,1698,1698,41.1660777385159,42.0494699646643
EPI_ISL_218242|Swine|H3N2|2015.082|Asia|,2015.082,-432,41.7550058892815,1698,1698,41.1660777385159,42.0494699646643
EPI_ISL_218241|Swine|H3N2|2015.082|Asia|,2015.082,-432,41.7550058892815,1698,1698,41.1660777385159,42.0494699646643
EPI_ISL_218240|Swine|H3N2|2015.082|Asia|,2015.082,-432,41.7550058892815,1698,1698,41.1660777385159,42.0494699646643
EPI_ISL_218239|Swine|H3N2|2015.082|Asia|,2015.082,-432,41.7550058892815,1698,1698,41.1660777385159,42.0494699646643
EPI_ISL_218238|Swine|H3N2|2015.082|Asia|,2015.082,-432,41.7550058892815,1698,1698,41.1660777385159,42.0494699646643
EPI_ISL_218237|Swine|H3N2|2015.082|Asia|,2015.082,-432,41.7550058892815,1698,1698,41.1660777385159,42.0494699646643
EPI_ISL_218236|Swine|H3N2|2015.082|Asia|,2015.082,-432,41.7550058892815,1698,1698,41.1660777385159,42.0494699646643
EPI_ISL_218235|Swine|H3N2|2015.082|Asia|,2015.082,-432,41.7550058892815,1698,1698,41.1660777385159,42.0494699646643
EPI_ISL_218234|Swine|H3N2|2015.082|Asia|,2015.082,-432,41.7550058892815,1698,1698,41.1660777385159,42.0494699646643
EPI_ISL_218233|Swine|H3N2|2015.082|Asia|,2015.082,-432,41.7550058892815,1698,1698,41.1660777385159,42.0494699646643
EPI_ISL_218267|Swine|H3N2|2015.082|Asia|,2015.082,-432,41.7550058892815,1698,1698,41.1660777385159,42.0494699646643
EPI_ISL_218265|Swine|H3N2|2015.082|Asia|,2015.082,-432,41.7550058892815,1698,1698,41.1660777385159,42.0494699646643
EPI_ISL_218264|Swine|H3N2|2015.082|Asia|,2015.082,-432,41.7550058892815,1698,1698,41.1660777385159,42.0494699646643
EPI_ISL_218263|Swine|H3N2|2015.082|Asia|,2015.082,-432,41.7550058892815,1698,1698,41.1660777385159,42.0494699646643
EPI_ISL_218262|Swine|H3N2|2015.082|Asia|,2015.082,-432,41.7550058892815,1698,1698,41.1660777385159,42.0494699646643
EPI_ISL_218247|Swine|H3N2|2015.082|Asia|,2015.082,-432.2,41.7550058892815,1698,1698,41.1660777385159,42.0494699646643
EPI_ISL_218250|Swine|H3N2|2015.082|Asia|,2015.082,-435.2,41.6372202591284,1698,1698,40.9893992932862,41.9611307420495
EPI_ISL_218249|Swine|H3N2|2015.082|Asia|,2015.082,-432.3,41.696113074205,1698,1698,40.9893992932862,42.0494699646643
EPI_ISL_218248|Swine|H3N2|2015.082|Asia|,2015.082,-432.3,41.696113074205,1698,1698,40.9893992932862,42.0494699646643
EPI_ISL_218246|Swine|H3N2|2015.082|Asia|,2015.082,-432.3,41.696113074205,1698,1698,40.9893992932862,42.0494699646643
EPI_ISL_218271|Swine|H3N2|2015.082|Asia|,2015.082,-432.3,41.696113074205,1698,1698,40.9893992932862,42.0494699646643
EPI_ISL_218270|Swine|H3N2|2015.082|Asia|,2015.082,-432.3,41.696113074205,1698,1698,40.9893992932862,42.0494699646643
EPI_ISL_218269|Swine|H3N2|2015.082|Asia|,2015.082,-432.3,41.696113074205,1698,1698,40.9893992932862,42.0494699646643
EPI_ISL_218268|Swine|H3N2|2015.082|Asia|,2015.082,-432.3,41.696113074205,1698,1698,40.9893992932862,42.0494699646643
EPI_ISL_218266|Swine|H3N2|2015.082|Asia|,2015.082,-432.3,41.696113074205,1698,1698,40.9893992932862,42.0494699646643
EPI_ISL_218320|Swine|H3N2|2015.515|Asia|,2015.515,-431.5,41.6372202591284,1698,1698,40.8127208480565,42.0494699646643
EPI_ISL_218556|Swine|H3N2|2015.932|Asia|,2015.932,-435.6,41.5783274440518,1698,1698,40.4593639575972,42.1378091872792
EPI_ISL_218578|Swine|H3N2|2015.932|Asia|,2015.932,-435.6,41.5783274440518,1698,1698,40.4593639575972,42.1378091872792
EPI_ISL_218577|Swine|H3N2|2015.932|Asia|,2015.932,-435.6,41.5783274440518,1698,1698,40.4593639575972,42.1378091872792
EPI_ISL_218572|Swine|H3N2|2015.932|Asia|,2015.932,-435.6,41.5783274440518,1698,1698,40.4593639575972,42.1378091872792
EPI_ISL_218565|Swine|H3N2|2015.932|Asia|,2015.932,-435.6,41.5783274440518,1698,1698,40.4593639575972,42.1378091872792
EPI_ISL_218564|Swine|H3N2|2015.932|Asia|,2015.932,-435.6,41.5783274440518,1698,1698,40.4593639575972,42.1378091872792
EPI_ISL_218559|Swine|H3N2|2015.932|Asia|,2015.932,-435.6,41.5783274440518,1698,1698,40.4593639575972,42.1378091872792
EPI_ISL_218558|Swine|H3N2|2015.932|Asia|,2015.932,-435.6,41.5783274440518,1698,1698,40.4593639575972,42.1378091872792
EPI_ISL_218567|Swine|H3N2|2015.932|Asia|,2015.932,-435.6,41.5194346289753,1698,1698,40.2826855123675,42.1378091872792
EPI_ISL_218561|Swine|H3N2|2015.932|Asia|,2015.932,-435.6,41.5194346289753,1698,1698,40.2826855123675,42.1378091872792
EPI_ISL_218560|Swine|H3N2|2015.932|Asia|,2015.932,-435.6,41.5194346289753,1698,1698,40.2826855123675,42.1378091872792
EPI_ISL_218557|Swine|H3N2|2015.932|Asia|,2015.932,-431.8,41.5783274440518,1698,1698,40.6360424028269,42.0494699646643
EPI_ISL_218538|Swine|H3N2|2015.934|Asia|,2015.934,-431.8,41.5783274440518,1698,1698,40.6360424028269,42.0494699646643
EPI_ISL_218574|Swine|H3N2|2015.932|Asia|,2015.932,-433.5,41.696113074205,1698,1698,40.9893992932862,42.0494699646643
EPI_ISL_218540|Swine|H3N2|2015.934|Asia|,2015.934,-431.2,41.5783274440518,1698,1698,40.8127208480565,41.9611307420495
EPI_ISL_218542|Swine|H3N2|2015.934|Asia|,2015.934,-431.8,41.6372202591284,1698,1698,40.8127208480565,42.0494699646643
EPI_ISL_218541|Swine|H3N2|2015.934|Asia|,2015.934,-431.8,41.6372202591284,1698,1698,40.8127208480565,42.0494699646643
EPI_ISL_218539|Swine|H3N2|2015.934|Asia|,2015.934,-431.8,41.6372202591284,1698,1698,40.8127208480565,42.0494699646643
EPI_ISL_218536|Swine|H3N2|2015.934|Asia|,2015.934,-431.8,41.6372202591284,1698,1698,40.8127208480565,42.0494699646643
EPI_ISL_218535|Swine|H3N2|2015.934|Asia|,2015.934,-431.8,41.6372202591284,1698,1698,40.8127208480565,42.0494699646643
EPI_ISL_218576|Swine|H3N2|2015.932|Asia|,2015.932,-431.8,41.6372202591284,1698,1698,40.8127208480565,42.0494699646643
EPI_ISL_218575|Swine|H3N2|2015.932|Asia|,2015.932,-431.8,41.6372202591284,1698,1698,40.8127208480565,42.0494699646643
EPI_ISL_218573|Swine|H3N2|2015.932|Asia|,2015.932,-431.8,41.6372202591284,1698,1698,40.8127208480565,42.0494699646643
EPI_ISL_218570|Swine|H3N2|2015.932|Asia|,2015.932,-431.8,41.6372202591284,1698,1698,40.8127208480565,42.0494699646643
EPI_ISL_218569|Swine|H3N2|2015.932|Asia|,2015.932,-431.8,41.6372202591284,1698,1698,40.8127208480565,42.0494699646643
EPI_ISL_218568|Swine|H3N2|2015.932|Asia|,2015.932,-431.8,41.6372202591284,1698,1698,40.8127208480565,42.0494699646643
EPI_ISL_218566|Swine|H3N2|2015.932|Asia|,2015.932,-431.8,41.6372202591284,1698,1698,40.8127208480565,42.0494699646643
EPI_ISL_218563|Swine|H3N2|2015.932|Asia|,2015.932,-431.8,41.6372202591284,1698,1698,40.8127208480565,42.0494699646643
EPI_ISL_218562|Swine|H3N2|2015.932|Asia|,2015.932,-431.8,41.6372202591284,1698,1698,40.8127208480565,42.0494699646643
EPI_ISL_218571|Swine|H3N2|2015.932|Asia|,2015.932,-432.1,41.5783274440518,1698,1698,40.6360424028269,42.0494699646643
EPI_ISL_218537|Swine|H3N2|2015.934|Asia|,2015.934,-429.9,41.5783274440518,1698,1698,40.8127208480565,41.9611307420495
EPI_ISL_218041|Swine|H3N2|2014.534|Asia|,2014.534,-429.2,41.6372202591284,1698,1698,40.9893992932862,41.9611307420495
EPI_ISL_218040|Swine|H3N2|2014.534|Asia|,2014.534,-429.2,41.6372202591284,1698,1698,40.9893992932862,41.9611307420495
EPI_ISL_218038|Swine|H3N2|2014.534|Asia|,2014.534,-429.2,41.6372202591284,1698,1698,40.9893992932862,41.9611307420495
EPI_ISL_218035|Swine|H3N2|2014.534|Asia|,2014.534,-429.2,41.6372202591284,1698,1698,40.9893992932862,41.9611307420495
EPI_ISL_218034|Swine|H3N2|2014.534|Asia|,2014.534,-429.2,41.6372202591284,1698,1698,40.9893992932862,41.9611307420495
EPI_ISL_218033|Swine|H3N2|2014.534|Asia|,2014.534,-429.2,41.6372202591284,1698,1698,40.9893992932862,41.9611307420495
EPI_ISL_218030|Swine|H3N2|2014.534|Asia|,2014.534,-429.2,41.6372202591284,1698,1698,40.9893992932862,41.9611307420495
EPI_ISL_218028|Swine|H3N2|2014.534|Asia|,2014.534,-429.2,41.6372202591284,1698,1698,40.9893992932862,41.9611307420495
EPI_ISL_218027|Swine|H3N2|2014.534|Asia|,2014.534,-429.2,41.6372202591284,1698,1698,40.9893992932862,41.9611307420495
EPI_ISL_218025|Swine|H3N2|2014.534|Asia|,2014.534,-429.2,41.6372202591284,1698,1698,40.9893992932862,41.9611307420495
EPI_ISL_218024|Swine|H3N2|2014.534|Asia|,2014.534,-429.2,41.6372202591284,1698,1698,40.9893992932862,41.9611307420495
EPI_ISL_218022|Swine|H3N2|2014.534|Asia|,2014.534,-429.2,41.6372202591284,1698,1698,40.9893992932862,41.9611307420495
EPI_ISL_218020|Swine|H3N2|2014.534|Asia|,2014.534,-429.2,41.6372202591284,1698,1698,40.9893992932862,41.9611307420495
EPI_ISL_218032|Swine|H3N2|2014.534|Asia|,2014.534,-429,41.5783274440518,1698,1698,40.8127208480565,41.9611307420495
EPI_ISL_218031|Swine|H3N2|2014.534|Asia|,2014.534,-427.4,41.5783274440518,1698,1698,40.8127208480565,41.9611307420495
EPI_ISL_218023|Swine|H3N2|2014.534|Asia|,2014.534,-429.7,41.696113074205,1698,1698,41.1660777385159,41.9611307420495
EPI_ISL_218037|Swine|H3N2|2014.534|Asia|,2014.534,-430,41.696113074205,1698,1698,41.1660777385159,41.9611307420495
EPI_ISL_218036|Swine|H3N2|2014.534|Asia|,2014.534,-429.8,41.6372202591284,1698,1698,40.8127208480565,42.0494699646643
EPI_ISL_218029|Swine|H3N2|2014.534|Asia|,2014.534,-432.6,41.696113074205,1698,1698,40.9893992932862,42.0494699646643
EPI_ISL_218026|Swine|H3N2|2014.534|Asia|,2014.534,-431.7,41.696113074205,1698,1698,41.1660777385159,41.9611307420495
EPI_ISL_218039|Swine|H3N2|2014.534|Asia|,2014.534,-429.8,41.5194346289753,1698,1698,40.6360424028269,41.9611307420495
EPI_ISL_218021|Swine|H3N2|2014.534|Asia|,2014.534,-429.8,41.5194346289753,1698,1698,40.6360424028269,41.9611307420495
EPI_ISL_218019|Swine|H3N2|2014.534|Asia|,2014.534,-429.8,41.5783274440518,1698,1698,40.8127208480565,41.9611307420495
EPI_ISL_162675|Swine|H3N2|2013.926|Asia|,2013.926,-428.5,41.696113074205,1698,1698,40.9893992932862,42.0494699646643
EPI_ISL_162679|Swine|H3N2|2013.926|Asia|,2013.926,-426.2,41.696113074205,1698,1698,41.1660777385159,41.9611307420495
EPI_ISL_162677|Swine|H3N2|2013.926|Asia|,2013.926,-426.2,41.696113074205,1698,1698,41.1660777385159,41.9611307420495
EPI_ISL_162676|Swine|H3N2|2013.926|Asia|,2013.926,-426.5,41.7550058892815,1698,1698,41.3427561837456,41.9611307420495
EPI_ISL_208657|Swine|H3N2|2012|Asia|,2012,-434.3,41.9316843345112,1698,1698,42.4028268551237,41.696113074205
EPI_ISL_208656|Swine|H3N2|2012|Asia|,2012,-434.3,41.9316843345112,1698,1698,42.4028268551237,41.696113074205
EPI_ISL_295680|Swine|H3N2|2017.986|NorthAmerica|,2017.986,-415.8,41.4260459634649,1697,1698,41.2389380530973,41.5194346289753
EPI_ISL_256555|Swine|H3N2|2017.052|NorthAmerica|,2017.052,-417.9,41.283863368669,1698,1698,40.9893992932862,41.4310954063604
EPI_ISL_147158|Swine|H3N2|2012.309|Asia|,2012.309,-423,41.8138987043581,1698,1698,41.5194346289753,41.9611307420495
EPI_ISL_207071|Swine|H3N2|2013.121|NorthAmerica|,2013.121,-418.1,41.4016489988221,1698,1698,40.8127208480565,41.696113074205
EPI_ISL_207076|Swine|H3N2|2013.195|NorthAmerica|,2013.195,-427.1,41.5194346289753,1698,1698,41.1660777385159,41.696113074205
EPI_ISL_207089|Swine|H3N2|2013.389|NorthAmerica|,2013.389,-426,41.5783274440518,1698,1698,40.9893992932862,41.8727915194346
EPI_ISL_207107|Swine|H3N2|2013.619|NorthAmerica|,2013.619,-425.6,41.696113074205,1698,1698,41.1660777385159,41.9611307420495
EPI_ISL_207164|Swine|H3N2|2013.926|NorthAmerica|,2013.926,-417.4,41.5783274440518,1698,1698,40.9893992932862,41.8727915194346
EPI_ISL_207145|Swine|H3N2|2013.811|NorthAmerica|,2013.811,-416.9,41.4605418138987,1698,1698,40.8127208480565,41.7844522968198
EPI_ISL_207140|Swine|H3N2|2013.773|NorthAmerica|,2013.773,-416.9,41.4605418138987,1698,1698,40.8127208480565,41.7844522968198
EPI_ISL_207112|Swine|H3N2|2013.693|NorthAmerica|,2013.693,-416.9,41.5783274440518,1698,1698,40.9893992932862,41.8727915194346
EPI_ISL_207153|Swine|H3N2|2013.885|NorthAmerica|,2013.885,-418,41.7550058892815,1698,1698,41.3427561837456,41.9611307420495
EPI_ISL_207150|Swine|H3N2|2013.849|NorthAmerica|,2013.849,-418,41.7550058892815,1698,1698,41.3427561837456,41.9611307420495
EPI_ISL_207920|Swine|H3N2|2014.422|NorthAmerica|,2014.422,-418.7,41.6372202591284,1698,1698,41.1660777385159,41.8727915194346
EPI_ISL_207872|Swine|H3N2|2014.173|NorthAmerica|,2014.173,-418.9,41.696113074205,1698,1698,41.1660777385159,41.9611307420495
EPI_ISL_207099|Swine|H3N2|2013.619|NorthAmerica|,2013.619,-430.5,41.9905771495878,1698,1698,41.5194346289753,42.226148409894
EPI_ISL_282731|Swine|H3N2|2015.055|NorthAmerica|,2015.055,-438,41.5783274440518,1698,1698,41.3427561837456,41.696113074205
