EPI_ISL_8092|Equine|H3N8|1963|NorthAmerica|,0.6491550063361415,1963
EPI_ISL_22611|Equine|H3N8|1979|Europe|,0.649390310936897,1979
EPI_ISL_21282|Equine|H3N8|1963|SouthAmerica|,0.6499563330092575,1963
EPI_ISL_19681|Equine|H3N8|1969|SouthAmerica|,0.6477246145659181,1969
EPI_ISL_19670|Equine|H3N8|1963|SouthAmerica|,0.6477653533069234,1963
EPI_ISL_20808|Equine|H3N8|1972|Africa|,0.6422588309859691,1972
EPI_ISL_25008|Equine|H3N8|1971|Asia|,0.6444419086491278,1971
EPI_ISL_8102|Equine|H3N8|1983|NorthAmerica|,0.6462449676339125,1983
EPI_ISL_8087|Equine|H3N8|1978|NorthAmerica|,0.6463374599523773,1978
EPI_ISL_19679|Equine|H3N8|1979|Europe|,0.6450970433929936,1979
EPI_ISL_22612|Equine|H3N8|1967|Europe|,0.6450247147858551,1967
EPI_ISL_19680|Equine|H3N8|1980|Europe|,0.6438230216007829,1980
EPI_ISL_19682|Equine|H3N8|1979|Europe|,0.6451965101398669,1979
EPI_ISL_69898|Equine|H3N8|1978||,0.6451617189537916,1978
EPI_ISL_20807|Equine|H3N8|1980|NorthAmerica|,0.6437799456509258,1980
EPI_ISL_8088|Equine|H3N8|1980|NorthAmerica|,0.643801413103409,1980
EPI_ISL_8089|Equine|H3N8|1980|NorthAmerica|,0.6441072809241766,1980
EPI_ISL_8090|Equine|H3N8|1981|NorthAmerica|,0.643307923848542,1981
EPI_ISL_15342|Equine|H3N8|1981|NorthAmerica|,0.6433299708713646,1981
EPI_ISL_68957|Equine|H3N8|1981|NorthAmerica|,0.6435123425101579,1981
EPI_ISL_8101|Equine|H3N8|1982|NorthAmerica|,0.6433483765605847,1982
EPI_ISL_15343|Equine|H3N8|1982|NorthAmerica|,0.6433476592043548,1982
EPI_ISL_19672|Equine|H3N8|1985|NorthAmerica|,0.6412685264898141,1985
EPI_ISL_19671|Equine|H3N8|1985|SouthAmerica|,0.641275351013259,1985
EPI_ISL_19677|Equine|H3N8|1991|Europe|,0.6376758914861911,1991
EPI_ISL_19676|Equine|H3N8|1993|Europe|,0.6359130288082406,1993
EPI_ISL_19674|Equine|H3N8|1992|Europe|,0.6363720847364163,1992
EPI_ISL_19675|Equine|H3N8|1992|Europe|,0.6376281331870606,1992
EPI_ISL_19683|Equine|H3N8|1989|Europe|,0.6386032119034087,1989
EPI_ISL_19884|Equine|H3N8|1989|Europe|,0.6383328820038314,1989
EPI_ISL_177468|Equine|H3N8|2011.833|Europe|,0.6386355613029054,2011.833
EPI_ISL_19678|Equine|H3N8|1991|Europe|,0.6378799414193181,1991
EPI_ISL_19673|Equine|H3N8|1991|Europe|,0.6378422993775771,1991
EPI_ISL_15352|Equine|H3N8|1991|NorthAmerica|,0.639041022822709,1991
EPI_ISL_15349|Equine|H3N8|1991|NorthAmerica|,0.6391682961492171,1991
EPI_ISL_6623|Equine|H3N8|1991|NorthAmerica|,0.6397096536537917,1991
EPI_ISL_4663|Equine|H3N8|2002|NorthAmerica|,0.6348275896259177,2002
EPI_ISL_413013|Equine|H3N8|2007.581|Europe|,0.6338912416188002,2007.581
EPI_ISL_151841|Equine|H3N8|2013.534|Europe|,0.6321776428745087,2013.534
EPI_ISL_240663|Equine|H3N8|2015.762|Europe|,0.6301137440872103,2015.762
EPI_ISL_197753|Equine|H3N8|2014.847|Europe|,0.6313539322173832,2014.847
EPI_ISL_240662|Equine|H3N8|2015.838|Europe|,0.6299657814912051,2015.838
EPI_ISL_257682|Equine|H3N8|2014|Europe|,0.631060323359199,2014
EPI_ISL_257679|Equine|H3N8|2011|Europe|,0.633254740944569,2011
EPI_ISL_297955|Equine|H3N8|2010|Asia|,0.6339067378060605,2010
EPI_ISL_257680|Equine|H3N8|2012|Europe|,0.6328842061463901,2012
EPI_ISL_257683|Equine|H3N8|2015|Europe|,0.6313926382177681,2015
EPI_ISL_281349|Equine|H3N8|2013.54|Asia|,0.6333120858823739,2013.54
EPI_ISL_177492|Equine|H3N8|2009.915|Europe|,0.6310102065781035,2009.915
EPI_ISL_369386|Equine|H3N8|2015.011|Asia|,0.6336345448577886,2015.011
EPI_ISL_372991|Equine|H3N8|2007.97|Asia|,0.6330927737045091,2007.97
EPI_ISL_372994|Equine|H3N8|2007.934|Asia|,0.6331378087903259,2007.934
EPI_ISL_372989|Equine|H3N8|2007.97|Asia|,0.6330792762874375,2007.97
EPI_ISL_372997|Equine|H3N8|2007.934|Asia|,0.6332204291128377,2007.934
EPI_ISL_373022|Equine|H3N8|2011.507|Asia|,0.6332841757428734,2011.507
EPI_ISL_373008|Equine|H3N8|2013.504|Asia|,0.6332598000076843,2013.504
EPI_ISL_373006|Equine|H3N8|2013.504|Asia|,0.6326942381188908,2013.504
EPI_ISL_373000|Equine|H3N8|2011.507|Asia|,0.6331242794352074,2011.507
EPI_ISL_373019|Equine|H3N8|2011.507|Asia|,0.6331496485389247,2011.507
EPI_ISL_373017|Equine|H3N8|2011.507|Asia|,0.6331496485389247,2011.507
EPI_ISL_373014|Equine|H3N8|2011.507|Asia|,0.6330885066290528,2011.507
EPI_ISL_373011|Equine|H3N8|2011.507|Asia|,0.633100296647685,2011.507
EPI_ISL_373003|Equine|H3N8|2013.504|Asia|,0.6330424260077768,2013.504
EPI_ISL_151130|Equine|H3N8|2013.652|Asia|,0.6347867423931627,2013.652
EPI_ISL_284681|Equine|H3N8|2017.233|Asia|,0.6341844510472409,2017.233
EPI_ISL_161474|Equine|H3N8|2013.085|Asia|,0.6343216447732163,2013.085
EPI_ISL_70195|Equine|H3N8|2007.922|Asia|,0.6342972287856846,2007.922
EPI_ISL_174545|Equine|H3N8|2008.822|Asia|,0.6333077426905863,2008.822
EPI_ISL_32665|Equine|H3N8|2007|Asia|,0.6340161731423772,2007
EPI_ISL_32666|Equine|H3N8|2007|Asia|,0.6333008602833308,2007
EPI_ISL_32660|Equine|H3N8|2008|Asia|,0.6336257133636918,2008
EPI_ISL_32657|Equine|H3N8|2008|Asia|,0.6336950640526708,2008
EPI_ISL_32664|Equine|H3N8|2007|Asia|,0.6340441776675769,2007
EPI_ISL_32662|Equine|H3N8|2007|Asia|,0.6339873526334521,2007
EPI_ISL_32663|Equine|H3N8|2007|Asia|,0.6343880291578042,2007
EPI_ISL_32659|Equine|H3N8|2008|Asia|,0.6322510097226534,2008
EPI_ISL_32656|Equine|H3N8|2008|Asia|,0.6336662132554401,2008
EPI_ISL_32658|Equine|H3N8|2008|Asia|,0.6335058089727068,2008
EPI_ISL_177471|Equine|H3N8|2006.414|Europe|,0.6331110463342837,2006.414
EPI_ISL_30894|Equine|H3N8|2003|Europe|,0.6346455619384234,2003
EPI_ISL_15843|Equine|H3N8|2002|NorthAmerica|,0.6345145221262974,2002
EPI_ISL_9534|Equine|H3N8|2003|NorthAmerica|,0.6335257948226041,2003
EPI_ISL_9783|Equine|H3N8|2003|NorthAmerica|,0.633401743869921,2003
EPI_ISL_297956|Equine|H3N8|2007.581|Asia|,0.6320393369673477,2007.581
EPI_ISL_344184|Equine|H3N8|2007.644|Oceania|,0.6318753665159355,2007.644
EPI_ISL_89221|Equine|H3N8|2007|Asia|,0.631680466477319,2007
EPI_ISL_79900|Equine|H3N8|2007.734|NorthAmerica|,0.6313370449159013,2007.734
EPI_ISL_177491|Equine|H3N8|2009.833|Europe|,0.6316024678624326,2009.833
EPI_ISL_177490|Equine|H3N8|2009.666|Europe|,0.631623604920058,2009.666
EPI_ISL_177498|Equine|H3N8|2010|NorthAmerica|,0.6321781548559955,2010
EPI_ISL_177500|Equine|H3N8|2011|NorthAmerica|,0.6315859072458877,2011
EPI_ISL_294934|Equine|H3N8|2012|NorthAmerica|,0.6316070518645752,2012
EPI_ISL_177501|Equine|H3N8|2012.413|Asia|,0.6317113879724588,2012.413
EPI_ISL_177502|Equine|H3N8|2012.183|SouthAmerica|,0.6314445524388547,2012.183
EPI_ISL_279065|Equine|H3N8|2012.249|SouthAmerica|,0.632130929660754,2012.249
EPI_ISL_294944|Equine|H3N8|2011|NorthAmerica|,0.6319247060502582,2011
EPI_ISL_220480|Equine|H3N8|2014.803|NorthAmerica|,0.6296702671388023,2014.803
EPI_ISL_220484|Equine|H3N8|2014.803|NorthAmerica|,0.6296927963836553,2014.803
EPI_ISL_220483|Equine|H3N8|2014.803|NorthAmerica|,0.6295744274986714,2014.803
EPI_ISL_220485|Equine|H3N8|2014.803|NorthAmerica|,0.6294449521994645,2014.803
EPI_ISL_220482|Equine|H3N8|2014.803|NorthAmerica|,0.6298672624197754,2014.803
EPI_ISL_220481|Equine|H3N8|2014.803|NorthAmerica|,0.6292951462877483,2014.803
EPI_ISL_285417|Equine|H3N8|2015.348|NorthAmerica|,0.6299383359661209,2015.348
EPI_ISL_348425|Equine|H3N8|2019.005|Europe|,0.6305709873398533,2019.005
EPI_ISL_4031580|Equine|H3N8|2019.058|Asia|,0.6299069957627805,2019.058
EPI_ISL_4031578|Equine|H3N8|2019.058|Asia|,0.6300425519319757,2019.058
EPI_ISL_377705|Equine|H3N8|2019.115|Europe|,0.6306429432291119,2019.115
EPI_ISL_700943|Equine|H3N8|2019|Africa|,0.6299589603895841,2019
EPI_ISL_306360|Equine|H3N8|2018.153|Europe|,0.6301972348036458,2018.153
EPI_ISL_327485|Equine|H3N8|2018.14|SouthAmerica|,0.6304342654093849,2018.14
EPI_ISL_327478|Equine|H3N8|2018.14|SouthAmerica|,0.6304361491908043,2018.14
EPI_ISL_327486|Equine|H3N8|2018.151|SouthAmerica|,0.6300986599688041,2018.151
EPI_ISL_327476|Equine|H3N8|2018.151|SouthAmerica|,0.6300986599688041,2018.151
EPI_ISL_327487|Equine|H3N8|2018.151|SouthAmerica|,0.6300986599688041,2018.151
EPI_ISL_327475|Equine|H3N8|2018.151|SouthAmerica|,0.6300986599688041,2018.151
EPI_ISL_327482|Equine|H3N8|2018.151|SouthAmerica|,0.6300986599688041,2018.151
EPI_ISL_327484|Equine|H3N8|2018.123|SouthAmerica|,0.6309982732825999,2018.123
EPI_ISL_327477|Equine|H3N8|2018.123|SouthAmerica|,0.6309982732825999,2018.123
EPI_ISL_327480|Equine|H3N8|2018.123|SouthAmerica|,0.6309982732825999,2018.123
EPI_ISL_327483|Equine|H3N8|2018.123|SouthAmerica|,0.6309982732825999,2018.123
EPI_ISL_327479|Equine|H3N8|2018.123|SouthAmerica|,0.6309982732825999,2018.123
EPI_ISL_327481|Equine|H3N8|2018.123|SouthAmerica|,0.6309982732825999,2018.123
EPI_ISL_180684|Equine|H3N8|2011.926|Europe|,0.6302302399935752,2011.926
EPI_ISL_79893|Equine|H3N8|2007.874|NorthAmerica|,0.6310626060784567,2007.874
EPI_ISL_79870|Equine|H3N8|2005|NorthAmerica|,0.6320184999712537,2005
EPI_ISL_79869|Equine|H3N8|2005|NorthAmerica|,0.6318719074709659,2005
EPI_ISL_79868|Equine|H3N8|2005|NorthAmerica|,0.6318825526351475,2005
EPI_ISL_79867|Equine|H3N8|2005.762|NorthAmerica|,0.6317369394719732,2005.762
EPI_ISL_79866|Equine|H3N8|2005|NorthAmerica|,0.6325809828173586,2005
EPI_ISL_79865|Equine|H3N8|2005.762|NorthAmerica|,0.6320635745830065,2005.762
EPI_ISL_79899|Equine|H3N8|2005.852|NorthAmerica|,0.6321250734190988,2005.852
EPI_ISL_15353|Equine|H3N8|1994|NorthAmerica|,0.6367438719557174,1994
EPI_ISL_15842|Equine|H3N8|1997|NorthAmerica|,0.6363916936344121,1997
EPI_ISL_177489|Equine|H3N8|1998|Europe|,0.6354659654275392,1998
EPI_ISL_177487|Equine|H3N8|1998|Europe|,0.6356915059763265,1998
EPI_ISL_177472|Equine|H3N8|2006.162|Europe|,0.6367039372541375,2006.162
EPI_ISL_15351|Equine|H3N8|1991|NorthAmerica|,0.6381134775124802,1991
EPI_ISL_15350|Equine|H3N8|1992|NorthAmerica|,0.6389599503641891,1992
EPI_ISL_15348|Equine|H3N8|1990|NorthAmerica|,0.64056004235481,1990
EPI_ISL_15346|Equine|H3N8|1988|NorthAmerica|,0.640738309528737,1988
EPI_ISL_15347|Equine|H3N8|1988|NorthAmerica|,0.6407370779341047,1988
EPI_ISL_15345|Equine|H3N8|1988|NorthAmerica|,0.6409460178498305,1988
EPI_ISL_21061|Equine|H3N8|1986|NorthAmerica|,0.6404921738274221,1986
EPI_ISL_21060|Equine|H3N8|1987|NorthAmerica|,0.6415902924602589,1987
EPI_ISL_19104|Equine|H3N8|1987|NorthAmerica|,0.6416379865079344,1987
EPI_ISL_20809|Equine|H3N8|1986|Africa|,0.6420363881385454,1986
EPI_ISL_19663|Equine|H3N8|1986|NorthAmerica|,0.6418820417501926,1986
EPI_ISL_15344|Equine|H3N8|1986|NorthAmerica|,0.6431283815996616,1986
EPI_ISL_21280|Equine|H3N8|1986|NorthAmerica|,0.6423494160230356,1986
EPI_ISL_8099|Equine|H3N8|1981|NorthAmerica|,0.6430161390477862,1981
EPI_ISL_8098|Equine|H3N8|1981|NorthAmerica|,0.643221461661819,1981
EPI_ISL_8097|Equine|H3N8|1981|NorthAmerica|,0.643548992611417,1981
EPI_ISL_8096|Equine|H3N8|1981|NorthAmerica|,0.6432759395081544,1981
EPI_ISL_8095|Equine|H3N8|1981|NorthAmerica|,0.6433149142647284,1981
EPI_ISL_8100|Equine|H3N8|1981|NorthAmerica|,0.6416439529926345,1981
EPI_ISL_15830|Equine|H3N8|1981|NorthAmerica|,0.6417594718840004,1981
EPI_ISL_8094|Equine|H3N8|1976|NorthAmerica|,0.6421711490247806,1976
EPI_ISL_8093|Equine|H3N8|1976|NorthAmerica|,0.6420186354948776,1976
EPI_ISL_15356|Equine|H3N8|1983|NorthAmerica|,0.6480910200770941,1983
