EPI_ISL_271069|Swine|H1N1|2012.199|NorthAmerica|,0.551099112795442,2012.199
EPI_ISL_281910|Swine|H1N1|2013.044|NorthAmerica|,0.5510076413648523,2013.044
EPI_ISL_271760|Swine|H1N1|2012.199|NorthAmerica|,0.550685390511131,2012.199
EPI_ISL_281944|Swine|H1N1|2013.044|NorthAmerica|,0.5508118662219902,2013.044
EPI_ISL_281977|Swine|H1N1|2013.003|NorthAmerica|,0.5507588168464875,2013.003
EPI_ISL_271071|Swine|H1N1|2012.219|NorthAmerica|,0.5505240758822507,2012.219
EPI_ISL_271053|Swine|H1N1|2012.219|NorthAmerica|,0.5508067704027846,2012.219
EPI_ISL_281959|Swine|H1N1|2013.025|NorthAmerica|,0.5510255263663374,2013.025
EPI_ISL_281936|Swine|H1N1|2013.118|NorthAmerica|,0.5511026353623986,2013.118
EPI_ISL_281931|Swine|H1N1|2013.044|NorthAmerica|,0.5508823344930348,2013.044
EPI_ISL_281925|Swine|H1N1|2013.044|NorthAmerica|,0.550676498449783,2013.044
EPI_ISL_281924|Swine|H1N1|2013.044|NorthAmerica|,0.5511026353623986,2013.044
EPI_ISL_271721|Swine|H1N1|2012.199|NorthAmerica|,0.5511716531195594,2012.199
EPI_ISL_271667|Swine|H1N1|2011.937|NorthAmerica|,0.550680093939208,2011.937
EPI_ISL_271650|Swine|H1N1|2011.89|NorthAmerica|,0.5506496253159301,2011.89
EPI_ISL_271649|Swine|H1N1|2011.89|NorthAmerica|,0.5509690021617186,2011.89
EPI_ISL_281961|Swine|H1N1|2013.025|NorthAmerica|,0.5509090261387828,2013.025
EPI_ISL_281932|Swine|H1N1|2013.044|NorthAmerica|,0.5512839351571269,2013.044
EPI_ISL_281919|Swine|H1N1|2013.044|NorthAmerica|,0.5509939280170695,2013.044
EPI_ISL_281914|Swine|H1N1|2013.044|NorthAmerica|,0.5506627137128567,2013.044
EPI_ISL_281974|Swine|H1N1|2013.003|NorthAmerica|,0.5509797500496529,2013.003
EPI_ISL_271061|Swine|H1N1|2012.219|NorthAmerica|,0.5500462243466993,2012.219
EPI_ISL_281908|Swine|H1N1|2013.044|NorthAmerica|,0.5503839586909469,2013.044
EPI_ISL_271655|Swine|H1N1|2012.519|NorthAmerica|,0.5500434304049163,2012.519
EPI_ISL_271647|Swine|H1N1|2012.24|NorthAmerica|,0.5504516322319252,2012.24
EPI_ISL_281957|Swine|H1N1|2013.044|NorthAmerica|,0.550708074484297,2013.044
EPI_ISL_281951|Swine|H1N1|2013.044|NorthAmerica|,0.550708074484297,2013.044
EPI_ISL_281934|Swine|H1N1|2013.044|NorthAmerica|,0.5508652689484265,2013.044
EPI_ISL_281907|Swine|H1N1|2013.003|NorthAmerica|,0.5513418714489695,2013.003
EPI_ISL_281873|Swine|H1N1|2013.025|NorthAmerica|,0.5513418714489695,2013.025
EPI_ISL_281971|Swine|H1N1|2013.044|NorthAmerica|,0.5504647700920572,2013.044
EPI_ISL_271062|Swine|H1N1|2012.219|NorthAmerica|,0.5504861225956731,2012.219
EPI_ISL_281938|Swine|H1N1|2013.044|NorthAmerica|,0.550848487349149,2013.044
EPI_ISL_281964|Swine|H1N1|2013.063|NorthAmerica|,0.5510413105613244,2013.063
EPI_ISL_281916|Swine|H1N1|2013.044|NorthAmerica|,0.551261753206152,2013.044
EPI_ISL_271042|Swine|H1N1|2012.519|NorthAmerica|,0.5506936041231197,2012.519
EPI_ISL_271722|Swine|H1N1|2012.24|NorthAmerica|,0.5509884838717948,2012.24
EPI_ISL_271742|Swine|H1N1|2011.89|NorthAmerica|,0.5513161430296923,2011.89
EPI_ISL_271054|Swine|H1N1|2012.577|NorthAmerica|,0.5510137775090787,2012.577
EPI_ISL_271078|Swine|H1N1|2012.519|NorthAmerica|,0.5507135474330441,2012.519
EPI_ISL_271751|Swine|H1N1|2012.577|NorthAmerica|,0.5508107132330522,2012.577
EPI_ISL_271739|Swine|H1N1|2012.664|NorthAmerica|,0.5508214607154084,2012.664
EPI_ISL_281963|Swine|H1N1|2013.118|NorthAmerica|,0.5506287628995453,2013.118
EPI_ISL_281928|Swine|H1N1|2013.104|NorthAmerica|,0.5510381522865269,2013.104
EPI_ISL_281984|Swine|H1N1|2013.118|NorthAmerica|,0.550848185293273,2013.118
EPI_ISL_271651|Swine|H1N1|2012.664|NorthAmerica|,0.550904368733886,2012.664
EPI_ISL_271733|Swine|H1N1|2012.24|NorthAmerica|,0.5514582426253297,2012.24
EPI_ISL_271654|Swine|H1N1|2012.219|NorthAmerica|,0.550323665255998,2012.219
EPI_ISL_281962|Swine|H1N1|2013.044|NorthAmerica|,0.5512649385680164,2013.044
EPI_ISL_281953|Swine|H1N1|2013.025|NorthAmerica|,0.5512742441362342,2013.025
EPI_ISL_281939|Swine|H1N1|2013.025|NorthAmerica|,0.5512878028864491,2013.025
EPI_ISL_281909|Swine|H1N1|2013.044|NorthAmerica|,0.551288228501986,2013.044
EPI_ISL_281906|Swine|H1N1|2013.044|NorthAmerica|,0.5511010376589998,2013.044
EPI_ISL_281976|Swine|H1N1|2013.044|NorthAmerica|,0.551340531182654,2013.044
EPI_ISL_281874|Swine|H1N1|2013.082|NorthAmerica|,0.5512215414175825,2013.082
EPI_ISL_271064|Swine|H1N1|2012.519|NorthAmerica|,0.5510314057747113,2012.519
EPI_ISL_281956|Swine|H1N1|2013.044|NorthAmerica|,0.5511286355476654,2013.044
EPI_ISL_281913|Swine|H1N1|2013.063|NorthAmerica|,0.5510581405386226,2013.063
EPI_ISL_271754|Swine|H1N1|2012.219|NorthAmerica|,0.5501025673966203,2012.219
EPI_ISL_271070|Swine|H1N1|2012.664|NorthAmerica|,0.5500384624288993,2012.664
EPI_ISL_281926|Swine|H1N1|2013.118|NorthAmerica|,0.5504273270756503,2013.118
EPI_ISL_271051|Swine|H1N1|2012.664|NorthAmerica|,0.5502354726983946,2012.664
EPI_ISL_271728|Swine|H1N1|2012.664|NorthAmerica|,0.5500544162921029,2012.664
EPI_ISL_271664|Swine|H1N1|2012.156|NorthAmerica|,0.5491057711032804,2012.156
EPI_ISL_235723|Swine|H1N1|2016.642|NorthAmerica|,0.5461764955907304,2016.642
EPI_ISL_211817|Swine|H1N1|2016.011|NorthAmerica|,0.5475010666296729,2016.011
EPI_ISL_217001|Swine|H1N1|2016.046|NorthAmerica|,0.5484059485441801,2016.046
EPI_ISL_379296|Swine|H1N1|2017.414|NorthAmerica|,0.5460077204668881,2017.414
EPI_ISL_281762|Swine|H1N1|2017.545|NorthAmerica|,0.54618134392108,2017.545
EPI_ISL_281751|Swine|H1N1|2017.545|NorthAmerica|,0.54618134392108,2017.545
EPI_ISL_373556|Swine|H1N1|2017.414|NorthAmerica|,0.5462835582717162,2017.414
EPI_ISL_296710|Swine|H1N1|2017.792|NorthAmerica|,0.5448446304313082,2017.792
EPI_ISL_373664|Swine|H1N1|2017.581|NorthAmerica|,0.5455842052568015,2017.581
EPI_ISL_373663|Swine|H1N1|2017.581|NorthAmerica|,0.5455362940010228,2017.581
EPI_ISL_280480|Swine|H1N1|2017.529|NorthAmerica|,0.546068328157055,2017.529
EPI_ISL_280477|Swine|H1N1|2017.529|NorthAmerica|,0.5463144392386554,2017.529
EPI_ISL_373703|Swine|H1N1|2017.414|NorthAmerica|,0.5463023896555713,2017.414
EPI_ISL_373686|Swine|H1N1|2017.414|NorthAmerica|,0.5464407573737299,2017.414
EPI_ISL_373684|Swine|H1N1|2017.414|NorthAmerica|,0.5464407573737299,2017.414
EPI_ISL_373718|Swine|H1N1|2017.414|NorthAmerica|,0.545839357933308,2017.414
EPI_ISL_373685|Swine|H1N1|2017.414|NorthAmerica|,0.5460794950599213,2017.414
EPI_ISL_373719|Swine|H1N1|2017.414|NorthAmerica|,0.5464649117689006,2017.414
EPI_ISL_379292|Swine|H1N1|2017.414|NorthAmerica|,0.5464699674295459,2017.414
EPI_ISL_379308|Swine|H1N1|2017.414|NorthAmerica|,0.5462950670102904,2017.414
EPI_ISL_373587|Swine|H1N1|2017.414|NorthAmerica|,0.5460334792093301,2017.414
EPI_ISL_373566|Swine|H1N1|2017.414|NorthAmerica|,0.5458753087731505,2017.414
EPI_ISL_373558|Swine|H1N1|2017.414|NorthAmerica|,0.5461986635804946,2017.414
EPI_ISL_379304|Swine|H1N1|2017.414|NorthAmerica|,0.5461542500019342,2017.414
EPI_ISL_379321|Swine|H1N1|2017.414|NorthAmerica|,0.5461783917325805,2017.414
EPI_ISL_373595|Swine|H1N1|2017.414|NorthAmerica|,0.5462927863468472,2017.414
EPI_ISL_373598|Swine|H1N1|2017.414|NorthAmerica|,0.5461563502595107,2017.414
EPI_ISL_373675|Swine|H1N1|2017.414|NorthAmerica|,0.546180803651993,2017.414
EPI_ISL_379307|Swine|H1N1|2017.414|NorthAmerica|,0.5462224962394461,2017.414
EPI_ISL_379298|Swine|H1N1|2017.414|NorthAmerica|,0.5459983027953398,2017.414
EPI_ISL_379294|Swine|H1N1|2017.414|NorthAmerica|,0.5459983027953398,2017.414
EPI_ISL_379293|Swine|H1N1|2017.414|NorthAmerica|,0.5459983027953398,2017.414
EPI_ISL_379280|Swine|H1N1|2017.414|NorthAmerica|,0.5459983027953398,2017.414
EPI_ISL_379279|Swine|H1N1|2017.414|NorthAmerica|,0.5459983027953398,2017.414
EPI_ISL_379275|Swine|H1N1|2017.414|NorthAmerica|,0.5459983027953398,2017.414
EPI_ISL_379274|Swine|H1N1|2017.414|NorthAmerica|,0.5461804920829951,2017.414
EPI_ISL_379272|Swine|H1N1|2017.414|NorthAmerica|,0.5461563502595107,2017.414
EPI_ISL_379316|Swine|H1N1|2017.414|NorthAmerica|,0.5459983027953398,2017.414
EPI_ISL_379314|Swine|H1N1|2017.414|NorthAmerica|,0.5459983027953398,2017.414
EPI_ISL_373593|Swine|H1N1|2017.414|NorthAmerica|,0.5454893258883364,2017.414
EPI_ISL_379352|Swine|H1N1|2017.496|NorthAmerica|,0.5456654235670504,2017.496
EPI_ISL_379350|Swine|H1N1|2017.496|NorthAmerica|,0.5456895436900353,2017.496
EPI_ISL_379345|Swine|H1N1|2017.496|NorthAmerica|,0.5456366197893799,2017.496
EPI_ISL_373665|Swine|H1N1|2017.833|NorthAmerica|,0.5454648222523736,2017.833
EPI_ISL_373594|Swine|H1N1|2017.581|NorthAmerica|,0.5456914666919488,2017.581
EPI_ISL_373557|Swine|H1N1|2017.414|NorthAmerica|,0.5457960405755972,2017.414
EPI_ISL_379299|Swine|H1N1|2017.414|NorthAmerica|,0.5459321839645884,2017.414
EPI_ISL_379270|Swine|H1N1|2017.496|NorthAmerica|,0.5457499374390367,2017.496
EPI_ISL_379313|Swine|H1N1|2017.496|NorthAmerica|,0.5456366197893799,2017.496
EPI_ISL_302021|Swine|H1N1|2018.082|NorthAmerica|,0.5441802227768149,2018.082
EPI_ISL_297117|Swine|H1N1|2017.926|NorthAmerica|,0.5445147455281031,2017.926
EPI_ISL_297126|Swine|H1N1|2017.868|NorthAmerica|,0.5450067408537845,2017.868
EPI_ISL_235744|Swine|H1N1|2016.148|NorthAmerica|,0.5485456294309274,2016.148
EPI_ISL_262592|Swine|H1N1|2017.197|NorthAmerica|,0.546036063139139,2017.197
EPI_ISL_285339|Swine|H1N1|2017.773|NorthAmerica|,0.5463756368147965,2017.773
EPI_ISL_368766|Swine|H1N1|2019.334|NorthAmerica|,0.5442482180611571,2019.334
EPI_ISL_502892|Swine|H1N1|2020.32|NorthAmerica|,0.5429233283550414,2020.32
EPI_ISL_387955|Swine|H1N1|2018.581|NorthAmerica|,0.5443303913564647,2018.581
EPI_ISL_399672|Swine|H1N1|2018.581|NorthAmerica|,0.544375381358326,2018.581
EPI_ISL_707317|Swine|H1N1|2020.686|NorthAmerica|,0.5424885944194351,2020.686
EPI_ISL_501660|Swine|H1N1|2020.344|NorthAmerica|,0.5437912336355195,2020.344
EPI_ISL_502898|Swine|H1N1|2020.328|NorthAmerica|,0.5412623588813148,2020.328
EPI_ISL_396967|Swine|H1N1|2019.726|NorthAmerica|,0.5419768659321601,2019.726
EPI_ISL_399724|Swine|H1N1|2019.792|NorthAmerica|,0.5438263309736286,2019.792
EPI_ISL_502842|Swine|H1N1|2020.32|NorthAmerica|,0.543184059091894,2020.32
EPI_ISL_399721|Swine|H1N1|2019.786|NorthAmerica|,0.5427880015574118,2019.786
EPI_ISL_296679|Swine|H1N1|2017.77|NorthAmerica|,0.5462370060407534,2017.77
EPI_ISL_262597|Swine|H1N1|2017.175|NorthAmerica|,0.5465852373648956,2017.175
EPI_ISL_295798|Swine|H1N1|2017.986|NorthAmerica|,0.5474978838274507,2017.986
EPI_ISL_381072|Swine|H1N1|2018.595|NorthAmerica|,0.5487491929071434,2018.595
EPI_ISL_285478|Swine|H1N1|2017.688|NorthAmerica|,0.5455711931685654,2017.688
EPI_ISL_285413|Swine|H1N1|2017.66|NorthAmerica|,0.5455578944743892,2017.66
EPI_ISL_225513|Swine|H1N1|2016.314|NorthAmerica|,0.5463095787100385,2016.314
EPI_ISL_234585|Swine|H1N1|2016.59|NorthAmerica|,0.5462964473305216,2016.59
EPI_ISL_235725|Swine|H1N1|2016.607|NorthAmerica|,0.5458656713221656,2016.607
EPI_ISL_245059|Swine|H1N1|2016.803|NorthAmerica|,0.5459640172001884,2016.803
EPI_ISL_252794|Swine|H1N1|2016.915|NorthAmerica|,0.5459066211545637,2016.915
EPI_ISL_296673|Swine|H1N1|2017.775|NorthAmerica|,0.5467568947596604,2017.775
EPI_ISL_222676|Swine|H1N1|2016.262|NorthAmerica|,0.5466535306464725,2016.262
EPI_ISL_263482|Swine|H1N1|2016.331|NorthAmerica|,0.5470993432278117,2016.331
EPI_ISL_263478|Swine|H1N1|2016.331|NorthAmerica|,0.5471865766996187,2016.331
EPI_ISL_311324|Swine|H1N1|2018.26|NorthAmerica|,0.5441655085795796,2018.26
EPI_ISL_372902|Swine|H1N1|2019.463|NorthAmerica|,0.5458162072579875,2019.463
EPI_ISL_399373|Swine|H1N1|2019.718|NorthAmerica|,0.5440482164159852,2019.718
EPI_ISL_4082169|Swine|H1N1|2021.189|NorthAmerica|,0.5443514987945812,2021.189
EPI_ISL_4081826|Swine|H1N1|2020.921|NorthAmerica|,0.5436902618100179,2020.921
EPI_ISL_502564|Swine|H1N1|2020.251|NorthAmerica|,0.5437493270878624,2020.251
EPI_ISL_4081691|Swine|H1N1|2020.836|NorthAmerica|,0.5433130174176014,2020.836
EPI_ISL_707227|Swine|H1N1|2020.59|NorthAmerica|,0.5439865932925676,2020.59
EPI_ISL_499049|Swine|H1N1|2020.459|NorthAmerica|,0.5446082583380225,2020.459
EPI_ISL_707242|Swine|H1N1|2020.631|NorthAmerica|,0.5445992721618496,2020.631
EPI_ISL_4082033|Swine|H1N1|2021.123|NorthAmerica|,0.5447239963523598,2021.123
EPI_ISL_4081847|Swine|H1N1|2020.806|NorthAmerica|,0.5438659228875711,2020.806
EPI_ISL_707088|Swine|H1N1|2019.43|NorthAmerica|,0.5439253956742014,2019.43
EPI_ISL_707063|Swine|H1N1|2019.43|NorthAmerica|,0.543850354329342,2019.43
EPI_ISL_707096|Swine|H1N1|2019.43|NorthAmerica|,0.5432019293206696,2019.43
EPI_ISL_707093|Swine|H1N1|2019.43|NorthAmerica|,0.5432846250874763,2019.43
EPI_ISL_707078|Swine|H1N1|2019.43|NorthAmerica|,0.543214923712516,2019.43
EPI_ISL_707074|Swine|H1N1|2019.43|NorthAmerica|,0.5430445783542173,2019.43
EPI_ISL_707065|Swine|H1N1|2019.43|NorthAmerica|,0.5433180796655929,2019.43
EPI_ISL_707064|Swine|H1N1|2019.43|NorthAmerica|,0.5432846250874763,2019.43
EPI_ISL_707062|Swine|H1N1|2019.43|NorthAmerica|,0.543214923712516,2019.43
EPI_ISL_381682|Swine|H1N1|2019.518|NorthAmerica|,0.5433152171583249,2019.518
EPI_ISL_707080|Swine|H1N1|2019.43|NorthAmerica|,0.5431063590627024,2019.43
EPI_ISL_502857|Swine|H1N1|2020.29|NorthAmerica|,0.5420103316473136,2020.29
EPI_ISL_393545|Swine|H1N1|2019.655|NorthAmerica|,0.5440703782166394,2019.655
EPI_ISL_264215|Swine|H1N1|2017.216|NorthAmerica|,0.5438133163889955,2017.216
EPI_ISL_264193|Swine|H1N1|2017.2|NorthAmerica|,0.5443320222234297,2017.2
EPI_ISL_234672|Swine|H1N1|2016.549|NorthAmerica|,0.5478580695734584,2016.549
EPI_ISL_296274|Swine|H1N1|2017.838|NorthAmerica|,0.5459291565062246,2017.838
EPI_ISL_217476|Swine|H1N1|2016.117|NorthAmerica|,0.5478502130538604,2016.117
EPI_ISL_260815|Swine|H1N1|2017.156|NorthAmerica|,0.5474566256811146,2017.156
EPI_ISL_235734|Swine|H1N1|2016.631|NorthAmerica|,0.547863589390122,2016.631
EPI_ISL_243358|Swine|H1N1|2016.639|NorthAmerica|,0.5471340852267421,2016.639
EPI_ISL_252723|Swine|H1N1|2016.432|NorthAmerica|,0.5470434139797706,2016.432
EPI_ISL_245043|Swine|H1N1|2016.76|NorthAmerica|,0.5479423739571654,2016.76
EPI_ISL_243786|Swine|H1N1|2016.721|NorthAmerica|,0.5473716370287813,2016.721
EPI_ISL_208931|Swine|H1N1|2015.932|NorthAmerica|,0.5479036131126828,2015.932
