EPI_ISL_271069|Swine|H1N1|2012.199|NorthAmerica|,2012.199,-631.7,45.6302151954326,2277,2277,47.4308300395257,44.729907773386
EPI_ISL_281910|Swine|H1N1|2013.044|NorthAmerica|,2013.044,-631.7,45.6302151954326,2277,2277,47.4308300395257,44.729907773386
EPI_ISL_271760|Swine|H1N1|2012.199|NorthAmerica|,2012.199,-633.1,45.7180500658762,2277,2277,47.8260869565217,44.6640316205534
EPI_ISL_281944|Swine|H1N1|2013.044|NorthAmerica|,2013.044,-633.7,45.7619675010979,2277,2277,47.8260869565217,44.729907773386
EPI_ISL_281977|Swine|H1N1|2013.003|NorthAmerica|,2013.003,-633.7,45.7619675010979,2277,2277,47.8260869565217,44.729907773386
EPI_ISL_271071|Swine|H1N1|2012.219|NorthAmerica|,2012.219,-633.7,45.7619675010979,2277,2277,47.8260869565217,44.729907773386
EPI_ISL_271053|Swine|H1N1|2012.219|NorthAmerica|,2012.219,-633.7,45.7619675010979,2277,2277,47.8260869565217,44.729907773386
EPI_ISL_281959|Swine|H1N1|2013.025|NorthAmerica|,2013.025,-633.7,45.7619675010979,2277,2277,47.8260869565217,44.729907773386
EPI_ISL_281936|Swine|H1N1|2013.118|NorthAmerica|,2013.118,-633.7,45.7619675010979,2277,2277,47.8260869565217,44.729907773386
EPI_ISL_281931|Swine|H1N1|2013.044|NorthAmerica|,2013.044,-633.7,45.7619675010979,2277,2277,47.8260869565217,44.729907773386
EPI_ISL_281925|Swine|H1N1|2013.044|NorthAmerica|,2013.044,-633.7,45.7619675010979,2277,2277,47.8260869565217,44.729907773386
EPI_ISL_281924|Swine|H1N1|2013.044|NorthAmerica|,2013.044,-633.7,45.7619675010979,2277,2277,47.8260869565217,44.729907773386
EPI_ISL_271721|Swine|H1N1|2012.199|NorthAmerica|,2012.199,-633.7,45.7619675010979,2277,2277,47.8260869565217,44.729907773386
EPI_ISL_271667|Swine|H1N1|2011.937|NorthAmerica|,2011.937,-634.3,45.7180500658762,2277,2277,47.8260869565217,44.6640316205534
EPI_ISL_271650|Swine|H1N1|2011.89|NorthAmerica|,2011.89,-633.7,45.7619675010979,2277,2277,47.8260869565217,44.729907773386
EPI_ISL_271649|Swine|H1N1|2011.89|NorthAmerica|,2011.89,-633.7,45.7619675010979,2277,2277,47.8260869565217,44.729907773386
EPI_ISL_281961|Swine|H1N1|2013.025|NorthAmerica|,2013.025,-633.7,45.7619675010979,2277,2277,47.8260869565217,44.729907773386
EPI_ISL_281932|Swine|H1N1|2013.044|NorthAmerica|,2013.044,-633.7,45.7619675010979,2277,2277,47.8260869565217,44.729907773386
EPI_ISL_281919|Swine|H1N1|2013.044|NorthAmerica|,2013.044,-634.3,45.7180500658762,2277,2277,47.8260869565217,44.6640316205534
EPI_ISL_281914|Swine|H1N1|2013.044|NorthAmerica|,2013.044,-635.5,45.7180500658762,2277,2277,47.6943346508564,44.729907773386
EPI_ISL_281974|Swine|H1N1|2013.003|NorthAmerica|,2013.003,-633.7,45.7619675010979,2277,2277,47.8260869565217,44.729907773386
EPI_ISL_271061|Swine|H1N1|2012.219|NorthAmerica|,2012.219,-633.7,45.7619675010979,2277,2277,47.8260869565217,44.729907773386
EPI_ISL_281908|Swine|H1N1|2013.044|NorthAmerica|,2013.044,-633.7,45.7619675010979,2277,2277,47.8260869565217,44.729907773386
EPI_ISL_271655|Swine|H1N1|2012.519|NorthAmerica|,2012.519,-636.1,45.5862977602108,2277,2277,47.4308300395257,44.6640316205534
EPI_ISL_271647|Swine|H1N1|2012.24|NorthAmerica|,2012.24,-631.4,45.542380324989,2277,2277,47.2990777338603,44.6640316205534
EPI_ISL_281957|Swine|H1N1|2013.044|NorthAmerica|,2013.044,-631.7,45.5862977602108,2277,2277,47.4308300395257,44.6640316205534
EPI_ISL_281951|Swine|H1N1|2013.044|NorthAmerica|,2013.044,-631.7,45.5862977602108,2277,2277,47.4308300395257,44.6640316205534
EPI_ISL_281934|Swine|H1N1|2013.044|NorthAmerica|,2013.044,-634,45.6302151954326,2277,2277,47.562582345191,44.6640316205534
EPI_ISL_281907|Swine|H1N1|2013.003|NorthAmerica|,2013.003,-635.4,45.6741326306544,2277,2277,47.6943346508564,44.6640316205534
EPI_ISL_281873|Swine|H1N1|2013.025|NorthAmerica|,2013.025,-635.4,45.6741326306544,2277,2277,47.6943346508564,44.6640316205534
EPI_ISL_281971|Swine|H1N1|2013.044|NorthAmerica|,2013.044,-629.3,45.542380324989,2277,2277,47.2990777338603,44.6640316205534
EPI_ISL_271062|Swine|H1N1|2012.219|NorthAmerica|,2012.219,-634,45.6741326306544,2277,2277,47.6943346508564,44.6640316205534
EPI_ISL_281938|Swine|H1N1|2013.044|NorthAmerica|,2013.044,-634,45.6741326306544,2277,2277,47.6943346508564,44.6640316205534
EPI_ISL_281964|Swine|H1N1|2013.063|NorthAmerica|,2013.063,-634,45.6741326306544,2277,2277,47.6943346508564,44.6640316205534
EPI_ISL_281916|Swine|H1N1|2013.044|NorthAmerica|,2013.044,-634,45.6741326306544,2277,2277,47.6943346508564,44.6640316205534
EPI_ISL_271042|Swine|H1N1|2012.519|NorthAmerica|,2012.519,-634,45.6741326306544,2277,2277,47.6943346508564,44.6640316205534
EPI_ISL_271722|Swine|H1N1|2012.24|NorthAmerica|,2012.24,-634,45.6741326306544,2277,2277,47.6943346508564,44.6640316205534
EPI_ISL_271742|Swine|H1N1|2011.89|NorthAmerica|,2011.89,-634,45.7180500658762,2277,2277,47.8260869565217,44.6640316205534
EPI_ISL_271054|Swine|H1N1|2012.577|NorthAmerica|,2012.577,-634,45.6302151954326,2277,2277,47.562582345191,44.6640316205534
EPI_ISL_271078|Swine|H1N1|2012.519|NorthAmerica|,2012.519,-634,45.6302151954326,2277,2277,47.562582345191,44.6640316205534
EPI_ISL_271751|Swine|H1N1|2012.577|NorthAmerica|,2012.577,-636.1,45.6741326306544,2277,2277,47.6943346508564,44.6640316205534
EPI_ISL_271739|Swine|H1N1|2012.664|NorthAmerica|,2012.664,-636.1,45.6741326306544,2277,2277,47.6943346508564,44.6640316205534
EPI_ISL_281963|Swine|H1N1|2013.118|NorthAmerica|,2013.118,-631.8,45.6302151954326,2277,2277,47.6943346508564,44.5981554677207
EPI_ISL_281928|Swine|H1N1|2013.104|NorthAmerica|,2013.104,-634,45.6302151954326,2277,2277,47.562582345191,44.6640316205534
EPI_ISL_281984|Swine|H1N1|2013.118|NorthAmerica|,2013.118,-636.1,45.6741326306544,2277,2277,47.6943346508564,44.6640316205534
EPI_ISL_271651|Swine|H1N1|2012.664|NorthAmerica|,2012.664,-631.7,45.6502636203866,2276,2277,47.562582345191,44.6934739617666
EPI_ISL_271733|Swine|H1N1|2012.24|NorthAmerica|,2012.24,-634,45.6741326306544,2277,2277,47.6943346508564,44.6640316205534
EPI_ISL_271654|Swine|H1N1|2012.219|NorthAmerica|,2012.219,-630.1,45.6302151954326,2277,2277,47.562582345191,44.6640316205534
EPI_ISL_281962|Swine|H1N1|2013.044|NorthAmerica|,2013.044,-634,45.6741326306544,2277,2277,47.6943346508564,44.6640316205534
EPI_ISL_281953|Swine|H1N1|2013.025|NorthAmerica|,2013.025,-635.2,45.7180500658762,2277,2277,47.8260869565217,44.6640316205534
EPI_ISL_281939|Swine|H1N1|2013.025|NorthAmerica|,2013.025,-634,45.6741326306544,2277,2277,47.6943346508564,44.6640316205534
EPI_ISL_281909|Swine|H1N1|2013.044|NorthAmerica|,2013.044,-631.3,45.6302151954326,2277,2277,47.562582345191,44.6640316205534
EPI_ISL_281906|Swine|H1N1|2013.044|NorthAmerica|,2013.044,-634,45.6741326306544,2277,2277,47.6943346508564,44.6640316205534
EPI_ISL_281976|Swine|H1N1|2013.044|NorthAmerica|,2013.044,-634,45.7180500658762,2277,2277,47.8260869565217,44.6640316205534
EPI_ISL_281874|Swine|H1N1|2013.082|NorthAmerica|,2013.082,-634,45.6741326306544,2277,2277,47.6943346508564,44.6640316205534
EPI_ISL_271064|Swine|H1N1|2012.519|NorthAmerica|,2012.519,-634,45.6741326306544,2277,2277,47.6943346508564,44.6640316205534
EPI_ISL_281956|Swine|H1N1|2013.044|NorthAmerica|,2013.044,-634,45.6741326306544,2277,2277,47.6943346508564,44.6640316205534
EPI_ISL_281913|Swine|H1N1|2013.063|NorthAmerica|,2013.063,-634,45.6741326306544,2277,2277,47.6943346508564,44.6640316205534
EPI_ISL_271754|Swine|H1N1|2012.219|NorthAmerica|,2012.219,-629.3,45.542380324989,2277,2277,47.2990777338603,44.6640316205534
EPI_ISL_271070|Swine|H1N1|2012.664|NorthAmerica|,2012.664,-631.7,45.5862977602108,2277,2277,47.4308300395257,44.6640316205534
EPI_ISL_281926|Swine|H1N1|2013.118|NorthAmerica|,2013.118,-631.7,45.5862977602108,2277,2277,47.4308300395257,44.6640316205534
EPI_ISL_271051|Swine|H1N1|2012.664|NorthAmerica|,2012.664,-627.8,45.4984628897672,2277,2277,47.0355731225296,44.729907773386
EPI_ISL_271728|Swine|H1N1|2012.664|NorthAmerica|,2012.664,-631.7,45.5862977602108,2277,2277,47.4308300395257,44.6640316205534
EPI_ISL_271664|Swine|H1N1|2012.156|NorthAmerica|,2012.156,-633.4,45.4545454545455,2277,2277,47.0355731225296,44.6640316205534
EPI_ISL_235723|Swine|H1N1|2016.642|NorthAmerica|,2016.642,-627.2,45.3667105841019,2277,2277,46.9038208168643,44.5981554677207
EPI_ISL_211817|Swine|H1N1|2016.011|NorthAmerica|,2016.011,-631.5,45.4545454545455,2277,2277,47.0355731225296,44.6640316205534
EPI_ISL_217001|Swine|H1N1|2016.046|NorthAmerica|,2016.046,-627.8,45.3667105841019,2277,2277,46.7720685111989,44.6640316205534
EPI_ISL_379296|Swine|H1N1|2017.414|NorthAmerica|,2017.414,-637.6,45.0592885375494,2277,2277,46.2450592885375,44.4664031620553
EPI_ISL_281762|Swine|H1N1|2017.545|NorthAmerica|,2017.545,-638.2,45.0592885375494,2277,2277,46.1133069828722,44.532279314888
EPI_ISL_281751|Swine|H1N1|2017.545|NorthAmerica|,2017.545,-638.2,45.0592885375494,2277,2277,46.1133069828722,44.532279314888
EPI_ISL_373556|Swine|H1N1|2017.414|NorthAmerica|,2017.414,-642.3,44.9714536671058,2277,2277,45.9815546772069,44.4664031620553
EPI_ISL_296710|Swine|H1N1|2017.792|NorthAmerica|,2017.792,-645.7,44.9714536671058,2277,2277,45.9815546772069,44.4664031620553
EPI_ISL_373664|Swine|H1N1|2017.581|NorthAmerica|,2017.581,-645.8,44.9714536671058,2277,2277,45.9815546772069,44.4664031620553
EPI_ISL_373663|Swine|H1N1|2017.581|NorthAmerica|,2017.581,-645.8,44.9714536671058,2277,2277,45.9815546772069,44.4664031620553
EPI_ISL_280480|Swine|H1N1|2017.529|NorthAmerica|,2017.529,-637.1,45.147123407993,2277,2277,46.3768115942029,44.532279314888
EPI_ISL_280477|Swine|H1N1|2017.529|NorthAmerica|,2017.529,-637.1,45.147123407993,2277,2277,46.3768115942029,44.532279314888
EPI_ISL_373703|Swine|H1N1|2017.414|NorthAmerica|,2017.414,-637.1,45.1032059727712,2277,2277,46.3768115942029,44.4664031620553
EPI_ISL_373686|Swine|H1N1|2017.414|NorthAmerica|,2017.414,-637.6,45.0592885375494,2277,2277,46.2450592885375,44.4664031620553
EPI_ISL_373684|Swine|H1N1|2017.414|NorthAmerica|,2017.414,-637.6,45.0592885375494,2277,2277,46.2450592885375,44.4664031620553
EPI_ISL_373718|Swine|H1N1|2017.414|NorthAmerica|,2017.414,-637.6,45.0592885375494,2277,2277,46.2450592885375,44.4664031620553
EPI_ISL_373685|Swine|H1N1|2017.414|NorthAmerica|,2017.414,-637.6,45.0592885375494,2277,2277,46.2450592885375,44.4664031620553
EPI_ISL_373719|Swine|H1N1|2017.414|NorthAmerica|,2017.414,-637.6,45.0592885375494,2277,2277,46.2450592885375,44.4664031620553
EPI_ISL_379292|Swine|H1N1|2017.414|NorthAmerica|,2017.414,-638.8,45.1032059727712,2277,2277,46.3768115942029,44.4664031620553
EPI_ISL_379308|Swine|H1N1|2017.414|NorthAmerica|,2017.414,-637.6,45.0592885375494,2277,2277,46.2450592885375,44.4664031620553
EPI_ISL_373587|Swine|H1N1|2017.414|NorthAmerica|,2017.414,-638.5,45.1032059727712,2277,2277,46.3768115942029,44.4664031620553
EPI_ISL_373566|Swine|H1N1|2017.414|NorthAmerica|,2017.414,-637.6,45.0592885375494,2277,2277,46.2450592885375,44.4664031620553
EPI_ISL_373558|Swine|H1N1|2017.414|NorthAmerica|,2017.414,-637.6,45.0592885375494,2277,2277,46.2450592885375,44.4664031620553
EPI_ISL_379304|Swine|H1N1|2017.414|NorthAmerica|,2017.414,-637.6,45.0592885375494,2277,2277,46.2450592885375,44.4664031620553
EPI_ISL_379321|Swine|H1N1|2017.414|NorthAmerica|,2017.414,-637.6,45.0592885375494,2277,2277,46.2450592885375,44.4664031620553
EPI_ISL_373595|Swine|H1N1|2017.414|NorthAmerica|,2017.414,-637.6,45.0592885375494,2277,2277,46.2450592885375,44.4664031620553
EPI_ISL_373598|Swine|H1N1|2017.414|NorthAmerica|,2017.414,-637.6,45.0592885375494,2277,2277,46.2450592885375,44.4664031620553
EPI_ISL_373675|Swine|H1N1|2017.414|NorthAmerica|,2017.414,-637.6,45.0592885375494,2277,2277,46.2450592885375,44.4664031620553
EPI_ISL_379307|Swine|H1N1|2017.414|NorthAmerica|,2017.414,-637.3,45.0153711023276,2277,2277,46.1133069828722,44.4664031620553
EPI_ISL_379298|Swine|H1N1|2017.414|NorthAmerica|,2017.414,-637.6,45.1032059727712,2277,2277,46.3768115942029,44.4664031620553
EPI_ISL_379294|Swine|H1N1|2017.414|NorthAmerica|,2017.414,-637.6,45.1032059727712,2277,2277,46.3768115942029,44.4664031620553
EPI_ISL_379293|Swine|H1N1|2017.414|NorthAmerica|,2017.414,-637.6,45.1032059727712,2277,2277,46.3768115942029,44.4664031620553
EPI_ISL_379280|Swine|H1N1|2017.414|NorthAmerica|,2017.414,-637.6,45.1032059727712,2277,2277,46.3768115942029,44.4664031620553
EPI_ISL_379279|Swine|H1N1|2017.414|NorthAmerica|,2017.414,-637.6,45.1032059727712,2277,2277,46.3768115942029,44.4664031620553
EPI_ISL_379275|Swine|H1N1|2017.414|NorthAmerica|,2017.414,-637.6,45.1032059727712,2277,2277,46.3768115942029,44.4664031620553
EPI_ISL_379274|Swine|H1N1|2017.414|NorthAmerica|,2017.414,-637.6,45.1032059727712,2277,2277,46.3768115942029,44.4664031620553
EPI_ISL_379272|Swine|H1N1|2017.414|NorthAmerica|,2017.414,-637.6,45.0592885375494,2277,2277,46.2450592885375,44.4664031620553
EPI_ISL_379316|Swine|H1N1|2017.414|NorthAmerica|,2017.414,-637.6,45.1032059727712,2277,2277,46.3768115942029,44.4664031620553
EPI_ISL_379314|Swine|H1N1|2017.414|NorthAmerica|,2017.414,-637.6,45.1032059727712,2277,2277,46.3768115942029,44.4664031620553
EPI_ISL_373593|Swine|H1N1|2017.414|NorthAmerica|,2017.414,-636.9,45.0592885375494,2277,2277,46.3768115942029,44.4005270092227
EPI_ISL_379352|Swine|H1N1|2017.496|NorthAmerica|,2017.496,-637.6,45.1032059727712,2277,2277,46.3768115942029,44.4664031620553
EPI_ISL_379350|Swine|H1N1|2017.496|NorthAmerica|,2017.496,-637.6,45.1032059727712,2277,2277,46.3768115942029,44.4664031620553
EPI_ISL_379345|Swine|H1N1|2017.496|NorthAmerica|,2017.496,-637.3,45.1032059727712,2277,2277,46.3768115942029,44.4664031620553
EPI_ISL_373665|Swine|H1N1|2017.833|NorthAmerica|,2017.833,-637.5,45.1032059727712,2277,2277,46.3768115942029,44.4664031620553
EPI_ISL_373594|Swine|H1N1|2017.581|NorthAmerica|,2017.581,-637.5,45.147123407993,2277,2277,46.5085638998682,44.4664031620553
EPI_ISL_373557|Swine|H1N1|2017.414|NorthAmerica|,2017.414,-637.6,45.1032059727712,2277,2277,46.3768115942029,44.4664031620553
EPI_ISL_379299|Swine|H1N1|2017.414|NorthAmerica|,2017.414,-637.6,45.1032059727712,2277,2277,46.3768115942029,44.4664031620553
EPI_ISL_379270|Swine|H1N1|2017.496|NorthAmerica|,2017.496,-637.6,45.1032059727712,2277,2277,46.3768115942029,44.4664031620553
EPI_ISL_379313|Swine|H1N1|2017.496|NorthAmerica|,2017.496,-637.3,45.1032059727712,2277,2277,46.3768115942029,44.4664031620553
EPI_ISL_302021|Swine|H1N1|2018.082|NorthAmerica|,2018.082,-638.8,44.8836187966623,2277,2277,45.5862977602108,44.532279314888
EPI_ISL_297117|Swine|H1N1|2017.926|NorthAmerica|,2017.926,-642.6,44.9275362318841,2277,2277,45.8498023715415,44.4664031620553
EPI_ISL_297126|Swine|H1N1|2017.868|NorthAmerica|,2017.868,-640,44.9714536671058,2277,2277,46.1133069828722,44.4005270092227
EPI_ISL_235744|Swine|H1N1|2016.148|NorthAmerica|,2016.148,-626,45.4545454545455,2277,2277,46.9038208168643,44.729907773386
EPI_ISL_262592|Swine|H1N1|2017.197|NorthAmerica|,2017.197,-624,45.2349582784365,2277,2277,46.5085638998682,44.5981554677207
EPI_ISL_285339|Swine|H1N1|2017.773|NorthAmerica|,2017.773,-633.2,45.3227931488801,2277,2277,46.9038208168643,44.532279314888
EPI_ISL_368766|Swine|H1N1|2019.334|NorthAmerica|,2019.334,-617,44.9275362318841,2277,2277,46.5085638998682,44.137022397892
EPI_ISL_502892|Swine|H1N1|2020.32|NorthAmerica|,2020.32,-618.5,44.9275362318841,2277,2277,46.2450592885375,44.2687747035573
EPI_ISL_387955|Swine|H1N1|2018.581|NorthAmerica|,2018.581,-624,44.9275362318841,2277,2277,46.2450592885375,44.2687747035573
EPI_ISL_399672|Swine|H1N1|2018.581|NorthAmerica|,2018.581,-624,44.9275362318841,2277,2277,46.2450592885375,44.2687747035573
EPI_ISL_707317|Swine|H1N1|2020.686|NorthAmerica|,2020.686,-623.6,44.8397013614405,2277,2277,45.8498023715415,44.33465085639
EPI_ISL_501660|Swine|H1N1|2020.344|NorthAmerica|,2020.344,-616.9,44.9714536671058,2277,2277,45.9815546772069,44.4664031620553
EPI_ISL_502898|Swine|H1N1|2020.328|NorthAmerica|,2020.328,-622.3,44.9275362318841,2277,2277,45.9815546772069,44.4005270092227
EPI_ISL_396967|Swine|H1N1|2019.726|NorthAmerica|,2019.726,-631.7,45.0153711023276,2277,2277,46.2450592885375,44.4005270092227
EPI_ISL_399724|Swine|H1N1|2019.792|NorthAmerica|,2019.792,-621.5,45.1032059727712,2277,2277,46.3768115942029,44.4664031620553
EPI_ISL_502842|Swine|H1N1|2020.32|NorthAmerica|,2020.32,-624.6,45.0592885375494,2277,2277,46.5085638998682,44.33465085639
EPI_ISL_399721|Swine|H1N1|2019.786|NorthAmerica|,2019.786,-638,45.1910408432148,2277,2277,46.9038208168643,44.33465085639
EPI_ISL_296679|Swine|H1N1|2017.77|NorthAmerica|,2017.77,-619.1,45.4545454545455,2277,2277,47.167325428195,44.5981554677207
EPI_ISL_262597|Swine|H1N1|2017.175|NorthAmerica|,2017.175,-624,45.3667105841019,2277,2277,46.9038208168643,44.5981554677207
EPI_ISL_295798|Swine|H1N1|2017.986|NorthAmerica|,2017.986,-619.3,45.2788757136583,2277,2277,46.9038208168643,44.4664031620553
EPI_ISL_381072|Swine|H1N1|2018.595|NorthAmerica|,2018.595,-609.8,45.0592885375494,2277,2277,46.3768115942029,44.4005270092227
EPI_ISL_285478|Swine|H1N1|2017.688|NorthAmerica|,2017.688,-624.6,45.3227931488801,2277,2277,46.7720685111989,44.5981554677207
EPI_ISL_285413|Swine|H1N1|2017.66|NorthAmerica|,2017.66,-624.7,45.3667105841019,2277,2277,46.7720685111989,44.6640316205534
EPI_ISL_225513|Swine|H1N1|2016.314|NorthAmerica|,2016.314,-619.7,45.2788757136583,2277,2277,46.9038208168643,44.4664031620553
EPI_ISL_234585|Swine|H1N1|2016.59|NorthAmerica|,2016.59,-623.1,45.3227931488801,2277,2277,46.7720685111989,44.5981554677207
EPI_ISL_235725|Swine|H1N1|2016.607|NorthAmerica|,2016.607,-624.5,45.3227931488801,2277,2277,46.6403162055336,44.6640316205534
EPI_ISL_245059|Swine|H1N1|2016.803|NorthAmerica|,2016.803,-623.6,45.3667105841019,2277,2277,46.9038208168643,44.5981554677207
EPI_ISL_252794|Swine|H1N1|2016.915|NorthAmerica|,2016.915,-621.2,45.147123407993,2277,2277,46.3768115942029,44.532279314888
EPI_ISL_296673|Swine|H1N1|2017.775|NorthAmerica|,2017.775,-627.7,45.2349582784365,2277,2277,46.7720685111989,44.4664031620553
EPI_ISL_222676|Swine|H1N1|2016.262|NorthAmerica|,2016.262,-627.8,45.4106280193237,2277,2277,46.9038208168643,44.6640316205534
EPI_ISL_263482|Swine|H1N1|2016.331|NorthAmerica|,2016.331,-627.8,45.4106280193237,2277,2277,46.9038208168643,44.6640316205534
EPI_ISL_263478|Swine|H1N1|2016.331|NorthAmerica|,2016.331,-627.8,45.4106280193237,2277,2277,46.9038208168643,44.6640316205534
EPI_ISL_311324|Swine|H1N1|2018.26|NorthAmerica|,2018.26,-630.9,45.4106280193237,2277,2277,47.0355731225296,44.5981554677207
EPI_ISL_372902|Swine|H1N1|2019.463|NorthAmerica|,2019.463,-631.9,45.2788757136583,2277,2277,47.167325428195,44.33465085639
EPI_ISL_399373|Swine|H1N1|2019.718|NorthAmerica|,2019.718,-626.6,45.2349582784365,2277,2277,47.167325428195,44.2687747035573
EPI_ISL_4082169|Swine|H1N1|2021.189|NorthAmerica|,2021.189,-626.7,45.1910408432148,2277,2277,47.2990777338603,44.137022397892
EPI_ISL_4081826|Swine|H1N1|2020.921|NorthAmerica|,2020.921,-620.2,45.147123407993,2277,2277,47.167325428195,44.137022397892
EPI_ISL_502564|Swine|H1N1|2020.251|NorthAmerica|,2020.251,-624.9,45.2349582784365,2277,2277,47.167325428195,44.2687747035573
EPI_ISL_4081691|Swine|H1N1|2020.836|NorthAmerica|,2020.836,-628.1,45.2349582784365,2277,2277,47.0355731225296,44.33465085639
EPI_ISL_707227|Swine|H1N1|2020.59|NorthAmerica|,2020.59,-626.1,45.147123407993,2277,2277,47.0355731225296,44.2028985507246
EPI_ISL_499049|Swine|H1N1|2020.459|NorthAmerica|,2020.459,-624.1,45.2788757136583,2277,2277,47.2990777338603,44.2687747035573
EPI_ISL_707242|Swine|H1N1|2020.631|NorthAmerica|,2020.631,-623.8,45.147123407993,2277,2277,46.7720685111989,44.33465085639
EPI_ISL_4082033|Swine|H1N1|2021.123|NorthAmerica|,2021.123,-626.6,45.3667105841019,2277,2277,47.2990777338603,44.4005270092227
EPI_ISL_4081847|Swine|H1N1|2020.806|NorthAmerica|,2020.806,-624.7,45.0592885375494,2277,2277,46.7720685111989,44.2028985507246
EPI_ISL_707088|Swine|H1N1|2019.43|NorthAmerica|,2019.43,-627.8,45.147123407993,2277,2277,46.9038208168643,44.2687747035573
EPI_ISL_707063|Swine|H1N1|2019.43|NorthAmerica|,2019.43,-627.8,45.147123407993,2277,2277,46.9038208168643,44.2687747035573
EPI_ISL_707096|Swine|H1N1|2019.43|NorthAmerica|,2019.43,-625.7,45.1230228471002,2276,2277,46.8337730870712,44.2687747035573
EPI_ISL_707093|Swine|H1N1|2019.43|NorthAmerica|,2019.43,-626.8,45.1032059727712,2277,2277,46.7720685111989,44.2687747035573
EPI_ISL_707078|Swine|H1N1|2019.43|NorthAmerica|,2019.43,-626.3,45.147123407993,2277,2277,46.9038208168643,44.2687747035573
EPI_ISL_707074|Swine|H1N1|2019.43|NorthAmerica|,2019.43,-626.8,45.0592885375494,2277,2277,46.6403162055336,44.2687747035573
EPI_ISL_707065|Swine|H1N1|2019.43|NorthAmerica|,2019.43,-626.8,45.1032059727712,2277,2277,46.7720685111989,44.2687747035573
EPI_ISL_707064|Swine|H1N1|2019.43|NorthAmerica|,2019.43,-626.8,45.1032059727712,2277,2277,46.7720685111989,44.2687747035573
EPI_ISL_707062|Swine|H1N1|2019.43|NorthAmerica|,2019.43,-626.3,45.147123407993,2277,2277,46.9038208168643,44.2687747035573
EPI_ISL_381682|Swine|H1N1|2019.518|NorthAmerica|,2019.518,-627.4,45.1910408432148,2277,2277,47.0355731225296,44.2687747035573
EPI_ISL_707080|Swine|H1N1|2019.43|NorthAmerica|,2019.43,-627.8,45.147123407993,2277,2277,46.9038208168643,44.2687747035573
EPI_ISL_502857|Swine|H1N1|2020.29|NorthAmerica|,2020.29,-618.5,45.1910408432148,2277,2277,46.9038208168643,44.33465085639
EPI_ISL_393545|Swine|H1N1|2019.655|NorthAmerica|,2019.655,-630.7,44.7957839262187,2277,2277,45.8498023715415,44.2687747035573
EPI_ISL_264215|Swine|H1N1|2017.216|NorthAmerica|,2017.216,-627.9,45.1910408432148,2277,2277,46.6403162055336,44.4664031620553
EPI_ISL_264193|Swine|H1N1|2017.2|NorthAmerica|,2017.2,-627.9,45.1910408432148,2277,2277,46.6403162055336,44.4664031620553
EPI_ISL_234672|Swine|H1N1|2016.549|NorthAmerica|,2016.549,-623.6,45.4545454545455,2277,2277,47.167325428195,44.5981554677207
EPI_ISL_296274|Swine|H1N1|2017.838|NorthAmerica|,2017.838,-628.1,45.3227931488801,2277,2277,46.6403162055336,44.6640316205534
EPI_ISL_217476|Swine|H1N1|2016.117|NorthAmerica|,2016.117,-625.6,45.3667105841019,2277,2277,46.7720685111989,44.6640316205534
EPI_ISL_260815|Swine|H1N1|2017.156|NorthAmerica|,2017.156,-622.3,45.0153711023276,2277,2277,46.1133069828722,44.4664031620553
EPI_ISL_235734|Swine|H1N1|2016.631|NorthAmerica|,2016.631,-628.9,45.3667105841019,2277,2277,46.7720685111989,44.6640316205534
EPI_ISL_243358|Swine|H1N1|2016.639|NorthAmerica|,2016.639,-627.3,45.3227931488801,2277,2277,46.6403162055336,44.6640316205534
EPI_ISL_252723|Swine|H1N1|2016.432|NorthAmerica|,2016.432,-628.5,45.3227931488801,2277,2277,46.6403162055336,44.6640316205534
EPI_ISL_245043|Swine|H1N1|2016.76|NorthAmerica|,2016.76,-631.8,45.542380324989,2277,2277,47.167325428195,44.729907773386
EPI_ISL_243786|Swine|H1N1|2016.721|NorthAmerica|,2016.721,-632.4,45.4545454545455,2277,2277,47.0355731225296,44.6640316205534
EPI_ISL_208931|Swine|H1N1|2015.932|NorthAmerica|,2015.932,-627.8,45.4106280193237,2277,2277,46.9038208168643,44.6640316205534
