G1,G2,G3,G4,G5,G6,G7,G8,G9,G10,G11,G12,G13,G14,B3.13,HuH3N8
44.47147454,44.75047081,44.90740741,45.04080352,44.86817326,44.91525424,44.93879473,44.78185813,44.82893911,45.01726303,45.08003766,44.81324545,44.6843593,45.13065997,44.76616447,44.41398
44.51769877,44.8524796,44.90740741,45.04865035,44.86032643,44.91525424,44.94664156,44.78185813,44.81676214,45.01726303,45.10357815,44.78970496,44.60922787,45.14635486,44.7740113,44.47068
44.5133438,44.7740113,45.06434401,45.04080352,44.72693032,44.89956058,44.89956058,44.87602009,44.83949455,45.07219083,45.00156937,44.82109228,44.7068979,45.02001413,44.76616447,
44.50549451,44.72176438,45.06434401,45.06434401,44.71908349,44.86817326,44.89171375,44.82109228,44.81676214,45.01726303,45.11142498,44.80539862,44.71825459,45.00156937,44.76616447,
44.5386064,44.78888714,44.9309479,45.01726303,44.695543,44.88386692,44.88386692,44.82109228,44.82893911,45.03295669,45.08788449,44.8524796,44.66331816,44.98587571,44.73477715,
44.54994899,44.69036967,44.9309479,45.02510986,44.83678594,44.89171375,44.89171375,44.83678594,44.82893911,45.03295669,45.06434401,44.84463277,44.61973158,44.98587571,44.76616447,
44.50549451,44.72176438,45.10357815,45.00156937,44.84463277,44.91525424,44.90740741,44.79755179,44.79755179,45.05649718,44.98346196,44.79755179,44.67200251,44.98587571,44.78185813,
44.4706067,44.82812745,45.08788449,45.02510986,44.8524796,44.90740741,44.86817326,44.80539862,44.82893911,45.08788449,44.83678594,44.79755179,44.60053367,,44.78185813,
44.49152542,44.80106725,44.95448839,45.02510986,44.71123666,44.95448839,44.88386692,44.82109228,44.82893911,45.02510986,44.78185813,44.79755179,44.7225928,,44.80539862,
44.50721908,44.68335557,44.95448839,45.01726303,44.71908349,44.95448839,44.88386692,44.81324545,44.81324545,45.08788449,44.82893911,44.81324545,44.7225928,,44.78185813,
44.56214689,44.79755179,44.92310107,45.05649718,44.71908349,44.88386692,44.88386692,44.82109228,44.81324545,45.07219083,45.03295669,44.80539862,44.70338983,,44.76616447,
44.54994899,44.78185813,45.07219083,45.03295669,44.87602009,44.91525424,44.89956058,44.79755179,44.82893911,45.00156937,45.03295669,44.79755179,44.7565842,,44.79755179,
44.57349133,44.74882261,45.07219083,45.04080352,44.82893911,44.87602009,44.86032643,44.82109228,44.76967747,45.05063192,44.83678594,44.86384682,44.75695265,,44.79755179,
44.56043956,44.82893911,44.95448839,45.08788449,44.9309479,44.9309479,44.88386692,44.82893911,44.80106725,44.99481535,45.02510986,44.81324545,44.65630885,,44.76885645,
44.45490935,44.76616447,45.02510986,45.04080352,44.93879473,44.88386692,44.90740741,44.85599937,44.78970496,45.01218458,45.06434401,44.81324545,44.70644467,,44.75831764,
44.52119309,44.81324545,45.03295669,45.00156937,44.84463277,44.90740741,44.89956058,44.82893911,44.72961306,44.99411072,45.01726303,44.81324545,44.62492153,,44.7740113,
44.55259027,44.81324545,45.02510986,44.99372254,44.72712996,44.89956058,44.90740741,44.80539862,44.8524796,44.86817326,45.08788449,44.81324545,44.62492153,,44.78185813,
44.58483755,44.82109228,45.03295669,45.00156937,44.72833373,44.95448839,44.89956058,44.78970496,44.77752492,45.01726303,45.06434401,44.84463277,44.73477715,,44.7740113,
44.49415274,44.82893911,45.08003766,45.00156937,44.67984934,44.92310107,44.93879473,44.8524796,44.83678594,45.07572785,45.07219083,44.8524796,44.72961306,,44.7740113,
44.59353421,44.72693032,45.08003766,45.09573132,44.71123666,44.89956058,44.94664156,44.8524796,44.75831764,45.06003296,45.09573132,44.83678594,,,44.78185813,
44.58568738,44.71123666,44.9309479,45.06201916,44.72693032,44.88386692,44.89956058,44.84463277,57.99045007,45.04865035,45.03295669,44.81324545,,,44.7740113,
44.51506591,44.83678594,45.05649718,45.01726303,44.63424278,44.88386692,44.89171375,44.84463277,44.83678594,45.08003766,45.0094162,44.78970496,,,44.76616447,
44.51071176,44.74882261,45.04080352,45.01726303,44.64846202,44.90740741,44.92310107,44.86032643,44.83868436,45.05649718,45.03295669,44.79755179,,,44.7740113,
44.5342541,44.75315909,45.08003766,45.05649718,44.71123666,44.89171375,44.9309479,44.86032643,44.83949455,45.05649718,45.04080352,44.78970496,,,44.76616447,
44.5386064,44.69471041,45.08003766,45.04865035,44.72693032,44.89171375,44.93879473,44.86032643,44.8524796,45.00156937,45.04080352,,,,44.7740113,
44.55430006,44.69471041,44.93879473,45.04080352,44.71908349,44.89956058,44.89171375,44.86817326,44.82731554,44.97018205,45.04865035,,,,44.73477715,
44.50721908,44.70172684,45.07219083,44.99372254,44.71908349,44.91525424,44.87602009,44.84463277,44.82893911,45.03571148,45.01726303,,,,44.7740113,
44.57784055,44.77670513,45.08003766,45.08003766,44.695543,44.92310107,44.87602009,44.8524796,44.79465138,45.05140884,45.04865035,,,,44.7740113,
44.54994899,44.7845538,44.98587571,45.07219083,44.71123666,44.89956058,44.86817326,44.83678594,44.81594851,45.11850573,45.04080352,,,,44.76534296,
44.4479322,44.77319102,45.05649718,45.02510986,44.70338983,44.87602009,44.86817326,44.83678594,44.83597551,45.10404397,45.04080352,,,,44.7740113,
44.60922787,44.77670513,44.98587571,45.01726303,44.695543,44.89171375,44.91525424,44.83678594,44.83597551,45.05649718,45.04080352,,,,44.79755179,
44.47845538,44.7845538,45.06434401,45.08003766,44.67200251,44.86817326,44.89171375,44.82893911,44.82460959,45.0094162,45.04080352,,,,44.79755179,
44.51420499,44.67550812,44.90740741,45.08003766,44.67984934,44.87602009,44.92310107,44.86032643,44.81676214,45.03295669,,,,,44.73477715,
44.46275803,44.83678594,45.08788449,45.03295669,44.72693032,44.89171375,44.8524796,44.86032643,44.83678594,45.03295669,,,,,44.74613513,
44.47845538,44.81324545,45.06986968,45.04080352,44.86032643,44.88386692,44.84463277,44.76616447,44.82731554,45,,,,,44.75047081,
44.49415274,44.72693032,45.04525777,45.07219083,44.86032643,44.87602009,44.91525424,44.81324545,44.82027939,45.07926542,,,,,44.73312402,
44.42875078,44.80590916,45.02164502,45.07219083,44.695543,44.89956058,44.87602009,44.82109228,44.8524796,44.99725339,,,,,44.74262398,
44.4706067,44.84734322,45.06434401,45.02510986,44.695543,44.90740741,44.87602009,44.83678594,44.82893911,45.02510986,,,,,44.74262398,
44.49937225,44.8551919,45.02510986,45.03295669,44.70338983,44.91445613,44.89171375,44.81243133,44.80376766,45.02510986,,,,,44.76616447,
44.49937225,44.83949455,45.01726303,45.00156937,44.68769617,44.92310107,44.89956058,44.82893911,44.82893911,45.09010082,,,,,44.75047081,
44.48716943,44.86736776,44.99372254,45.0094162,44.66698084,44.91525424,44.88386692,44.81324545,44.82893911,,,,,,44.76616447,
44.50721908,44.82379719,44.94664156,45.04080352,44.65630885,44.91093149,44.92310107,44.80539862,44.83678594,,,,,,44.7740113,
44.46362709,44.79240248,44.91525424,45.04865035,44.67200251,44.88386692,44.90740741,44.82109228,44.82893911,,,,,,44.76616447,
44.49152542,44.80809984,44.92310107,45.04865035,44.73477715,44.91525424,44.88386692,44.82109228,,,,,,,44.76616447,
44.48367859,44.70523589,45.06434401,45.01726303,44.73477715,44.9309479,44.88386692,44.82109228,,,,,,,44.75831764,
44.49152542,44.72961306,45.08003766,45.08003766,44.68769617,44.9309479,44.90740741,44.80539862,,,,,,,44.78185813,
44.49937225,44.76885645,45.08788449,45.08003766,44.68769617,44.9309479,44.89171375,44.81324545,,,,,,,44.76616447,
44.52291274,44.80025116,45.08788449,45.03295669,44.68769617,44.93879473,44.89171375,44.82893911,,,,,,,44.76616447,
44.4706067,44.78185813,45.06434401,45.03295669,44.695543,44.89956058,44.90740741,44.81324545,,,,,,,44.80539862,
44.50985009,44.71123666,45.07219083,45.03295669,44.70338983,44.86032643,44.87602009,44.82109228,,,,,,,44.78185813,
44.48979592,44.72693032,45.08003766,45.03295669,44.63276836,44.88386692,44.89171375,44.82109228,,,,,,,44.74262398,
44.47496468,44.68769617,45.08003766,45.01726303,44.71908349,44.91525424,44.89956058,44.82109228,,,,,,,44.74262398,
44.49415274,44.71908349,45.03295669,45.11927181,44.71908349,44.90740741,44.90740741,44.79755179,,,,,,,44.76616447,
44.49764521,44.71908349,45.03295669,45.04865035,44.71123666,44.89956058,44.88386692,44.78970496,,,,,,,44.78185813,
44.48630406,44.67467232,44.90740741,45.04865035,44.89171375,44.89956058,44.90740741,44.79755179,,,,,,,44.7740113,
44.52119309,44.8089147,45.07219083,45.04865035,44.88386692,44.86817326,44.90740741,,,,,,,,44.7740113,
44.52205305,44.80025116,45.08788449,45.05649718,44.67984934,44.87602009,44.90740741,,,,,,,,44.75831764,
44.49415274,44.76885645,45.08003766,45.05649718,44.71040653,44.89956058,44.89956058,,,,,,,,44.76616447,
44.48630406,44.68686235,45.07219083,45.04080352,44.85195948,44.86817326,44.87602009,,,,,,,,44.7740113,
44.49415274,44.79240248,45.08003766,45.03295669,44.85195948,44.9309479,44.88386692,,,,,,,,44.76032536,
44.52904239,44.74179878,45.06434401,45.02510986,44.85981308,44.9309479,44.89956058,,,,,,,,44.76616447,
44.52904239,44.74179878,45.06434401,45.02510986,44.82181296,44.81324545,44.88386692,,,,,,,,44.76616447,
44.44270016,44.67901428,45.05649718,45.0094162,44.80539862,44.86817326,,,,,,,,,44.73477715,
44.47409733,44.79673521,45.06434401,45.04080352,44.71123666,44.89956058,,,,,,,,,44.76616447,
44.48194662,44.80025116,44.89171375,45.04865035,44.71123666,44.88386692,,,,,,,,,44.76616447,
44.43195504,44.81594851,44.89956058,45.04865035,44.67984934,44.88386692,,,,,,,,,44.7740113,
44.52291274,44.81594851,45.04080352,45.08788449,44.67984934,44.84463277,,,,,,,,,44.78185813,
44.55430006,44.81324545,45.04080352,45.08788449,44.86032643,44.89171375,,,,,,,,,44.78185813,
44.54994899,44.68769617,45.04080352,45.00156937,44.82893911,44.9309479,,,,,,,,,44.78185813,
44.53075957,44.79240248,44.95448839,45.00156937,44.83678594,44.89171375,,,,,,,,,44.75831764,
44.51506591,44.71123666,44.95448839,45.00156937,44.60922787,,,,,,,,,,44.76616447,
44.49152542,44.72693032,44.97802888,45.04080352,44.74262398,,,,,,,,,,44.76616447,
44.4601381,44.71123666,44.97802888,45.04080352,44.695543,,,,,,,,,,44.80539862,
44.48555459,44.80539862,45.04865035,45.04080352,44.8524796,,,,,,,,,,44.7740113,
44.49152542,44.78185813,45.04865035,44.98587571,44.86817326,,,,,,,,,,44.76616447,
44.49152542,44.67901428,45.03295669,45.03295669,44.83678594,,,,,,,,,,44.78185813,
44.48367859,44.695543,45.04865035,45.03295669,44.88386692,,,,,,,,,,44.78970496,
44.49415274,44.78970496,45.08003766,45.03295669,44.86032643,,,,,,,,,,44.75831764,
44.52119309,44.75047081,45.04080352,45.03295669,44.84463277,,,,,,,,,,44.74262398,
44.5133438,44.75831764,45.07219083,45.0094162,44.88386692,,,,,,,,,,44.75047081,
44.50985009,44.78806907,44.90740741,45.0094162,44.8524796,,,,,,,,,,44.76616447,
44.50549451,44.69821835,44.90740741,45.04865035,44.8524796,,,,,,,,,,44.78970496,
44.57263951,44.66331816,45.04080352,45.0094162,44.57784055,,,,,,,,,,44.76616447,
44.41566596,44.70606703,45.04080352,45.0094162,44.84463277,,,,,,,,,,44.81324545,
44.46275803,44.70606703,45.04865035,45.00156937,44.8524796,,,,,,,,,,44.78970496,
44.53774918,44.70957614,45.05649718,45.03295669,44.84463277,,,,,,,,,,44.75831764,
44.43921199,44.76452119,45.05649718,45.04080352,44.82109228,,,,,,,,,,44.76616447,
44.48630406,44.76452119,45.07219083,45.06434401,44.82109228,,,,,,,,,,44.75831764,
44.47932198,44.76534296,45.01726303,45.05649718,44.87602009,,,,,,,,,,44.76616447,
44.53150506,44.78806907,45.03295669,45.03295669,44.56999372,,,,,,,,,,44.75831764,
44.49152542,44.79943481,44.93879473,45.0094162,44.58568738,,,,,,,,,,44.74262398,
44.49152542,44.77237049,44.93879473,45.07219083,44.57784055,,,,,,,,,,44.7740113,
44.49152542,44.77588508,45.01648093,45.06434401,44.84463277,,,,,,,,,,44.7740113,
44.45229127,44.76452119,45.09265075,45.04865035,44.8524796,,,,,,,,,,44.81324545,
44.55779644,44.76803517,44.94664156,45.07219083,44.89171375,,,,,,,,,,44.78185813,
44.47583176,44.66164233,45.06434401,45.07219083,44.83678594,,,,,,,,,,44.76616447,
44.56999372,44.77670513,45.06434401,45.08788449,44.83678594,,,,,,,,,,44.7740113,
44.51506591,44.72693032,45.07219083,45.01726303,44.83678594,,,,,,,,,,44.76616447,
44.49937225,44.72693032,44.98587571,45.06434401,44.78970496,,,,,,,,,,44.80539862,
44.49152542,44.74014759,44.98587571,45.06434401,44.78185813,,,,,,,,,,44.79755179,
44.52291274,44.74014759,44.99372254,45.06434401,44.78185813,,,,,,,,,,44.76616447,
44.52291274,44.7915849,45.09573132,45.03295669,44.82109228,,,,,,,,,,44.81324545,
44.53075957,44.8029518,45.09573132,45.02510986,44.83678594,,,,,,,,,,44.78970496,
44.46798493,44.72444654,45.08788449,45.04865035,44.78185813,,,,,,,,,,44.76616447,
44.52291274,44.78185813,45.09573132,45.04080352,44.84463277,,,,,,,,,,44.78185813,
44.52291274,44.72610265,45.04865035,45.01726303,44.76616447,,,,,,,,,,44.79755179,
44.49937225,44.80539862,45.05649718,45.04865035,44.78970496,,,,,,,,,,44.78970496,
44.51506591,44.79755179,45.04865035,45.06434401,44.86817326,,,,,,,,,,44.7740113,
44.47583176,44.78185813,44.92310107,45.05649718,44.7740113,,,,,,,,,,44.7740113,
44.50721908,44.71908349,45.08003766,45.03295669,44.87602009,,,,,,,,,,44.75831764,
44.4601381,44.75831764,45.09573132,45.03295669,44.79755179,,,,,,,,,,44.78185813,
44.48367859,44.73477715,44.94293585,45.04080352,44.76616447,,,,,,,,,,44.7740113,
44.49152542,44.65981323,44.95867769,45.04080352,44.83678594,,,,,,,,,,44.74262398,
44.50721908,44.70338983,44.97018205,45.02510986,44.84463277,,,,,,,,,,44.78970496,
44.50721908,44.80539862,44.93879473,45.02510986,44.88386692,,,,,,,,,,44.75047081,
44.49937225,44.83245704,45.07219083,45.04080352,44.89956058,,,,,,,,,,44.78185813,
44.49937225,44.79321981,44.90740741,45.04080352,44.81324545,,,,,,,,,,44.76616447,
44.49152542,44.68335557,45.09573132,45.04080352,44.82893911,,,,,,,,,,44.76616447,
44.45229127,44.67200251,45.08003766,45.04865035,44.97802888,,,,,,,,,,44.75831764,
44.44444444,44.695543,45.08788449,45.03295669,44.8524796,,,,,,,,,,44.79755179,
44.47845538,44.67200251,45.08788449,45.03295669,44.84463277,,,,,,,,,,44.78970496,
44.4706067,44.71123666,44.92310107,45.04080352,44.84463277,,,,,,,,,,44.78970496,
44.54559724,44.7225928,44.96233522,45.0094162,44.8524796,,,,,,,,,,44.75831764,
44.40781728,44.77752492,44.97018205,45.0094162,44.88386692,,,,,,,,,,44.76616447,
44.43572438,44.79200258,45.09573132,45.01726303,44.81324545,,,,,,,,,,44.76616447,
44.44706067,44.82893911,45.08788449,45.05649718,44.57784055,,,,,,,,,,44.7740113,
44.43921199,44.86736776,45.02510986,45.05649718,44.8524796,,,,,,,,,,44.7740113,
44.51420499,44.79755179,45.02510986,45.0094162,44.59353421,,,,,,,,,,44.7740113,
44.50635693,44.79755179,45.0094162,45.01726303,44.8524796,,,,,,,,,,44.76616447,
44.51420499,44.67200251,44.97802888,45.04080352,44.6170747,,,,,,,,,,44.74262398,
44.48630406,44.68769617,44.90740741,45.03295669,44.81324545,,,,,,,,,,44.74262398,
44.52291274,44.73477715,44.9309479,45.04080352,44.71123666,,,,,,,,,,44.74262398,
44.55430006,44.77319102,44.97018205,45.03295669,44.60138104,,,,,,,,,,44.7740113,
44.47583176,44.66766068,44.9309479,45.04080352,44.71908349,,,,,,,,,,44.79755179,
44.47583176,44.70172684,44.96233522,45.0094162,44.68769617,,,,,,,,,,44.78970496,
44.49152542,44.73395071,45.08003766,45.0094162,44.86817326,,,,,,,,,,44.78970496,
44.56214689,44.682521,45.07219083,45.02510986,44.71123666,,,,,,,,,,44.78970496,
44.55430006,44.69036967,45.08788449,45.06434401,44.7740113,,,,,,,,,,44.78970496,
44.47583176,44.74531042,44.97802888,45.00156937,44.71123666,,,,,,,,,,44.79755179,
44.54738164,44.72961306,44.97802888,45.00156937,44.80539862,,,,,,,,,,44.78970496,
44.57263951,44.65897496,44.98587571,45.07219083,44.66415568,,,,,,,,,,44.78185813,
44.46711662,44.70606703,44.97802888,45.05649718,44.79755179,,,,,,,,,,44.78185813,
44.46798493,44.74531042,44.99372254,45.04080352,44.8524796,,,,,,,,,,44.78185813,
44.5386064,44.79755179,44.99372254,45.05649718,44.82109228,,,,,,,,,,44.76616447,
44.50721908,44.68769617,45.00156937,45.03295669,,,,,,,,,,,44.78970496,
44.46362709,44.82893911,44.92310107,45.06434401,,,,,,,,,,,44.7740113,
44.46798493,44.78185813,45.04080352,45.06434401,,,,,,,,,,,44.78970496,
44.4601381,44.81324545,44.95448839,45.06434401,,,,,,,,,,,44.78185813,
44.51506591,44.79673521,44.9309479,45.04080352,,,,,,,,,,,44.78185813,
44.46362709,44.82109228,44.98587571,45.04080352,,,,,,,,,,,44.81324545,
44.48367859,44.80539862,45.04865035,45.07219083,,,,,,,,,,,44.81324545,
44.45069517,44.80728472,44.96233522,45.04865035,,,,,,,,,,,44.76616447,
44.4479322,44.78537236,45.0094162,45.0094162,,,,,,,,,,,44.7740113,
44.49501687,44.71123666,44.99372254,45.04080352,,,,,,,,,,,44.7740113,
44.51506591,44.73477715,44.94664156,45.06434401,,,,,,,,,,,44.75047081,
44.50985009,44.81594851,44.99372254,45.08003766,,,,,,,,,,,44.75831764,
44.52640665,44.64327761,45.03295669,45.05649718,,,,,,,,,,,44.75831764,
44.51506591,44.64762204,45.08003766,45.02510986,,,,,,,,,,,44.80539862,
44.47147454,44.64327761,44.98587571,45.04865035,,,,,,,,,,,44.78185813,
44.52640665,44.71742543,44.98587571,45.04865035,,,,,,,,,,,44.78970496,
44.4514205,44.67467232,44.89956058,45.05649718,,,,,,,,,,,44.80539862,
44.52439314,44.70606703,45.06434401,45.07219083,,,,,,,,,,,44.7740113,
44.56513184,44.66682364,44.95448839,45.08647799,,,,,,,,,,,44.80539862,
44.50286432,44.682521,45.07219083,45.04865035,,,,,,,,,,,44.7740113,
44.50766556,44.67499804,44.97802888,44.98861942,,,,,,,,,,,44.75831764,
44.49937225,44.64594128,44.98587571,45.05572124,,,,,,,,,,,44.75831764,
44.49152542,44.71448797,45.00156937,45.04080352,,,,,,,,,,,44.75831764,
44.5386064,44.70606703,45.04865035,45.04865035,,,,,,,,,,,44.7740113,
44.52291274,44.76100777,45.03295669,45.05649718,,,,,,,,,,,44.75047081,
44.48367859,44.80809984,44.99372254,45.04080352,,,,,,,,,,,44.78970496,
44.52291274,44.69471041,45.09573132,45.09573132,,,,,,,,,,,44.76616447,
44.54020716,44.75398258,44.98587571,45.09573132,,,,,,,,,,,44.76616447,
44.49152542,44.99722288,45.03295669,45.0094162,,,,,,,,,,,44.78970496,
44.52291274,44.72527473,44.8524796,45.01726303,,,,,,,,,,,44.7740113,
44.51506591,44.71040653,44.99372254,45.04865035,,,,,,,,,,,44.74262398,
44.51898035,44.65112629,44.97802888,45.04080352,,,,,,,,,,,44.78185813,
44.48367859,44.65897496,44.99372254,45.04865035,,,,,,,,,,,44.7740113,
44.5386064,44.88738915,45.00156937,45.04865035,,,,,,,,,,,44.76616447,
44.51506591,44.72610265,45.00156937,45.03295669,,,,,,,,,,,44.78185813,
44.49152542,44.68769617,44.96233522,45.02510986,,,,,,,,,,,44.7740113,
44.49152542,44.67984934,45.0094162,45.08003766,,,,,,,,,,,44.76616447,
44.51506591,44.71908349,45.0094162,45.06434401,,,,,,,,,,,44.74262398,
44.49152542,44.64061519,44.96233522,45.06434401,,,,,,,,,,,44.79755179,
44.50721908,44.65196579,44.99372254,45.03295669,,,,,,,,,,,44.76616447,
44.53754941,44.71908349,45.0094162,45.06434401,,,,,,,,,,,44.75047081,
44.45404556,44.68152114,44.99372254,45.07219083,,,,,,,,,,,44.76616447,
44.41037736,44.68051621,44.92310107,45.00156937,,,,,,,,,,,44.76616447,
44.4278058,44.76100777,45.0094162,44.99372254,,,,,,,,,,,44.78970496,
44.48474336,44.70338983,45.08788449,45.04865035,,,,,,,,,,,44.75047081,
44.51257862,44.65630885,44.99372254,44.99372254,,,,,,,,,,,44.78970496,
44.54179493,44.70606703,44.97018205,45.04080352,,,,,,,,,,,44.79755179,
44.56109883,44.63276836,44.93879473,45.02510986,,,,,,,,,,,44.78970496,
44.48642267,44.67984934,44.99372254,45.01726303,,,,,,,,,,,44.75831764,
44.46624804,44.75047081,45.07219083,44.98587571,,,,,,,,,,,44.78185813,
44.50721908,44.70338983,45.00156937,45.01726303,,,,,,,,,,,44.75047081,
44.44444444,44.67200251,44.94664156,45.04080352,,,,,,,,,,,44.7740113,
44.5386064,44.67200251,45.09573132,45.04080352,,,,,,,,,,,44.79755179,
44.47583176,44.67200251,44.97018205,44.97802888,,,,,,,,,,,44.74262398,
44.5386064,44.70338983,45.01726303,44.99372254,,,,,,,,,,,44.75047081,
44.42090395,44.71123666,45.10357815,44.98077074,,,,,,,,,,,44.76616447,
44.54645323,44.71908349,45.07219083,44.99372254,,,,,,,,,,,44.75831764,
44.57784055,44.70338983,45.04080352,45.10357815,,,,,,,,,,,44.75047081,
44.47583176,44.67984934,45.08003766,45.10357815,,,,,,,,,,,44.75831764,
44.49418787,44.68769617,44.97802888,44.96233522,,,,,,,,,,,44.7740113,
44.50721908,44.6170747,44.93879473,45.04865035,,,,,,,,,,,44.7740113,
44.56999372,44.67984934,44.98587571,44.97018205,,,,,,,,,,,44.74262398,
44.56214689,44.72693032,44.91785237,45.05649718,,,,,,,,,,,44.7740113,
44.55430006,44.75047081,44.98310678,45.05649718,,,,,,,,,,,44.75047081,
44.55430006,44.64061519,44.94664156,45.07219083,,,,,,,,,,,44.88064081,
44.52291274,44.695543,44.95016872,45.03295669,,,,,,,,,,,44.75831764,
44.48367859,44.70338983,44.88386692,44.93879473,,,,,,,,,,,44.74262398,
44.51506591,44.67200251,45.01726303,44.94664156,,,,,,,,,,,44.73477715,
44.49152542,44.695543,44.91525424,44.96233522,,,,,,,,,,,44.74262398,
44.50721908,44.68769617,44.89956058,44.96233522,,,,,,,,,,,44.76616447,
44.48367859,44.72981464,45.00156937,45.04080352,,,,,,,,,,,44.73477715,
44.48367859,44.74907429,44.97371106,45.04865035,,,,,,,,,,,44.75047081,
44.47932198,44.68769617,44.99372254,45.05140884,,,,,,,,,,,44.7740113,
44.44005998,44.695543,44.83164587,45.04080352,,,,,,,,,,,44.7740113,
44.52640665,44.73477715,44.88578381,44.99372254,,,,,,,,,,,44.76616447,
44.51506591,44.71908349,44.87712962,45.04080352,,,,,,,,,,,44.76616447,
44.48367859,44.66415568,44.86847271,45.04865035,,,,,,,,,,,44.78185813,
44.52291274,44.71123666,44.84463277,45.07219083,,,,,,,,,,,44.79755179,
44.50721908,44.68769617,44.84463277,45.03295669,,,,,,,,,,,44.7740113,
44.53075957,44.71908349,44.83245704,44.97802888,,,,,,,,,,,44.7740113,
44.39472445,44.66415568,44.86817326,45.04865035,,,,,,,,,,,44.7740113,
44.48108023,44.71123666,44.87954171,45.01726303,,,,,,,,,,,44.78185813,
44.48108023,44.695543,44.88386692,45.04865035,,,,,,,,,,,44.76616447,
44.48457251,44.82109228,44.9309479,45.01726303,,,,,,,,,,,44.73477715,
44.43397708,44.71123666,44.89363372,44.95448839,,,,,,,,,,,44.7740113,
44.41478923,44.67984934,44.89091194,45.00156937,,,,,,,,,,,44.79755179,
44.43833896,44.70068301,44.8822606,44.98587571,,,,,,,,,,,44.79755179,
44.44967813,44.75524476,44.84030448,45.01726303,,,,,,,,,,,44.79755179,
44.42961451,44.71123666,44.91798132,,,,,,,,,,,,44.79755179,
44.4173995,44.67200251,44.85599937,,,,,,,,,,,,44.80539862,
44.38687392,44.67200251,44.85599937,,,,,,,,,,,,44.78970496,
44.41827602,44.63645775,44.94232127,,,,,,,,,,,,44.79755179,
44.42612655,44.68769617,44.90693474,,,,,,,,,,,,44.78970496,
44.43833896,44.70440449,44.98587571,,,,,,,,,,,,44.78103908,
44.4601381,44.70338983,44.99372254,,,,,,,,,,,,44.76616447,
44.42875078,44.67984934,45.13496547,,,,,,,,,,,,44.78185813,
44.47583176,44.67200251,44.9309479,,,,,,,,,,,,44.7740113,
44.40781728,44.8169282,44.9309479,,,,,,,,,,,,44.76616447,
44.47409733,44.7740113,44.94664156,,,,,,,,,,,,44.78185813,
44.50200141,44.80050267,44.95448839,,,,,,,,,,,,44.7740113,
44.4514205,44.78970496,44.94664156,,,,,,,,,,,,44.79755179,
44.45054945,44.75831764,44.96233522,,,,,,,,,,,,44.78185813,
44.47845538,44.79755179,44.89171375,,,,,,,,,,,,44.7740113,
44.47845538,44.75831764,44.97018205,,,,,,,,,,,,44.78185813,
44.43921199,44.78970496,44.97018205,,,,,,,,,,,,44.76616447,
44.43921199,44.67984934,44.78185813,,,,,,,,,,,,44.78185813,
44.43136332,44.7845538,44.97802888,,,,,,,,,,,,44.7740113,
44.44270016,44.88306388,44.93879473,,,,,,,,,,,,44.73477715,
44.49764521,44.7845538,44.97018205,,,,,,,,,,,,44.7740113,
44.50985009,44.80539862,44.89956058,,,,,,,,,,,,44.74262398,
44.49764521,44.74262398,45.01726303,,,,,,,,,,,,44.76616447,
44.48630406,44.80125935,44.98587571,,,,,,,,,,,,44.75047081,
44.4697386,44.80913026,44.88386692,,,,,,,,,,,,44.76616447,
44.43921199,44.77741073,45.01726303,,,,,,,,,,,,44.76616447,
44.52291274,44.74573607,45.00156937,,,,,,,,,,,,44.75831764,
44.51506591,44.70338983,44.94664156,,,,,,,,,,,,44.75831764,
44.58568738,44.7068979,44.91525424,,,,,,,,,,,,44.76616447,
44.49937225,44.78185813,44.88386692,,,,,,,,,,,,44.75831764,
44.55430006,44.77752492,44.92310107,,,,,,,,,,,,44.73229706,
44.60922787,44.68769617,44.98587571,,,,,,,,,,,,44.7740113,
44.5386064,44.72693032,44.84463277,,,,,,,,,,,,44.75831764,
44.50721908,44.81161695,44.89956058,,,,,,,,,,,,44.7740113,
44.47932198,44.81676214,44.93879473,,,,,,,,,,,,44.76616447,
44.64185674,44.82109228,45.00156937,,,,,,,,,,,,44.80025116,
44.50721908,44.70338983,44.90740741,,,,,,,,,,,,44.77319102,
44.51506591,44.75398258,44.90740741,,,,,,,,,,,,44.80025116,
44.52413571,44.7068979,44.89171375,,,,,,,,,,,,44.79321981,
44.48367859,44.81243133,44.97802888,,,,,,,,,,,,44.78021978,
44.53075957,44.80539862,44.9309479,,,,,,,,,,,,44.78970496,
44.47409733,44.65981323,44.95448839,,,,,,,,,,,,44.80106725,
44.48194662,44.695543,44.97018205,,,,,,,,,,,,44.80458327,
44.49764521,44.70338983,44.9309479,,,,,,,,,,,,44.76123154,
44.45839874,44.56934769,44.93879473,,,,,,,,,,,,44.7740113,
44.47147454,44.80539862,45.04080352,,,,,,,,,,,,44.78185813,
44.47583176,44.80539862,44.90740741,,,,,,,,,,,,44.78970496,
44.50721908,44.71123666,44.91525424,,,,,,,,,,,,44.78537236,
44.47583176,44.77237049,44.88386692,,,,,,,,,,,,44.78185813,
44.4601381,44.72693032,44.95448839,,,,,,,,,,,,44.78970496,
44.46798493,44.94664156,44.99372254,,,,,,,,,,,,44.78970496,
44.48367859,44.93879473,44.94664156,,,,,,,,,,,,44.74262398,
44.45229127,44.95448839,44.9309479,,,,,,,,,,,,44.79755179,
44.51506591,44.95448839,44.99372254,,,,,,,,,,,,44.78185813,
44.48367859,44.78888714,44.89956058,,,,,,,,,,,,44.78970496,
44.54703283,44.60053367,44.9309479,,,,,,,,,,,,44.78970496,
44.48194662,44.62407785,44.97018205,,,,,,,,,,,,44.79755179,
44.47409733,44.62758025,44.9309479,,,,,,,,,,,,44.78970496,
44.42612655,44.75047081,,,,,,,,,,,,,44.78970496,
44.45752865,44.79755179,,,,,,,,,,,,,44.79755179,
44.4697386,44.64061519,,,,,,,,,,,,,44.78970496,
44.49764521,44.63276836,,,,,,,,,,,,,44.78970496,
44.48543842,44.70338983,,,,,,,,,,,,,44.78970496,
44.46188869,44.71908349,,,,,,,,,,,,,44.80539862,
44.47322971,44.67200251,,,,,,,,,,,,,44.78970496,
44.54038779,44.67200251,,,,,,,,,,,,,44.78970496,
44.47409733,44.68769617,,,,,,,,,,,,,44.78185813,
44.49764521,44.63276836,,,,,,,,,,,,,44.80539862,
44.47758851,44.71123666,,,,,,,,,,,,,44.76616447,
44.47603254,44.66598634,,,,,,,,,,,,,44.71908349,
44.45054945,44.63276836,,,,,,,,,,,,,,
44.47845538,44.60922787,,,,,,,,,,,,,,
44.47409733,44.71123666,,,,,,,,,,,,,,
44.48630406,44.70338983,,,,,,,,,,,,,,
44.45839874,44.68769617,,,,,,,,,,,,,,
44.52119309,44.66415568,,,,,,,,,,,,,,
44.49415274,44.70338983,,,,,,,,,,,,,,
44.49850887,44.75047081,,,,,,,,,,,,,,
44.4706067,44.695543,,,,,,,,,,,,,,
44.53689168,44.6170747,,,,,,,,,,,,,,
44.43485086,44.63276836,,,,,,,,,,,,,,
44.47845538,44.63276836,,,,,,,,,,,,,,
44.48367859,44.76616447,,,,,,,,,,,,,,
44.4601381,44.73477715,,,,,,,,,,,,,,
44.49937225,44.65630885,,,,,,,,,,,,,,
44.49937225,44.64846202,,,,,,,,,,,,,,
44.47583176,44.65630885,,,,,,,,,,,,,,
44.49066081,44.71123666,,,,,,,,,,,,,,
44.47932198,44.67200251,,,,,,,,,,,,,,
44.48367859,44.68769617,,,,,,,,,,,,,,
44.48367859,44.79755179,,,,,,,,,,,,,,
44.53339612,44.73477715,,,,,,,,,,,,,,
44.49152542,44.74262398,,,,,,,,,,,,,,
44.52602382,44.66415568,,,,,,,,,,,,,,
44.53075957,44.64762204,,,,,,,,,,,,,,
44.52291274,44.68769617,,,,,,,,,,,,,,
44.51506591,44.65630885,,,,,,,,,,,,,,
44.46806835,44.71908349,,,,,,,,,,,,,,
44.49152542,44.78970496,,,,,,,,,,,,,,
44.52291274,44.76616447,,,,,,,,,,,,,,
44.50721908,44.79755179,,,,,,,,,,,,,,
44.5386064,44.79755179,,,,,,,,,,,,,,
44.53075957,44.75047081,,,,,,,,,,,,,,
44.5386064,44.64846202,,,,,,,,,,,,,,
44.42351464,44.69387755,,,,,,,,,,,,,,
44.44706067,44.70255847,,,,,,,,,,,,,,
44.46711662,44.79755179,,,,,,,,,,,,,,
44.45839874,44.682521,,,,,,,,,,,,,,
44.44618887,44.67200251,,,,,,,,,,,,,,
44.5133438,44.74179878,,,,,,,,,,,,,,
44.47845538,44.74262398,,,,,,,,,,,,,,
44.42351464,44.78970496,,,,,,,,,,,,,,
44.45054945,44.78970496,,,,,,,,,,,,,,
44.48630406,44.75831764,,,,,,,,,,,,,,
44.45490935,44.75047081,,,,,,,,,,,,,,
44.46624804,44.75047081,,,,,,,,,,,,,,
44.45490935,44.7740113,,,,,,,,,,,,,,
44.42351464,44.78185813,,,,,,,,,,,,,,
44.46624804,44.76616447,,,,,,,,,,,,,,
44.50200141,44.97018205,,,,,,,,,,,,,,
44.50985009,44.695543,,,,,,,,,,,,,,
44.46275803,44.67817896,,,,,,,,,,,,,,
44.48281275,44.73044024,,,,,,,,,,,,,,
44.47409733,44.74262398,,,,,,,,,,,,,,
44.52990111,44.69036967,,,,,,,,,,,,,,
44.51769877,44.695543,,,,,,,,,,,,,,
44.51420499,44.69120301,,,,,,,,,,,,,,
44.52205305,44.695543,,,,,,,,,,,,,,
44.48979592,44.62842345,,,,,,,,,,,,,,
44.48979592,44.63276836,,,,,,,,,,,,,,
44.51420499,44.81324545,,,,,,,,,,,,,,
44.51420499,44.70449173,,,,,,,,,,,,,,
44.48281275,44.68769617,,,,,,,,,,,,,,
44.52640665,44.67200251,,,,,,,,,,,,,,
44.49501687,44.71123666,,,,,,,,,,,,,,
44.51071176,44.69905046,,,,,,,,,,,,,,
44.49501687,44.70338983,,,,,,,,,,,,,,
44.49501687,44.71947195,,,,,,,,,,,,,,
44.5342541,44.65630885,,,,,,,,,,,,,,
44.5342541,44.695543,,,,,,,,,,,,,,
44.51855921,44.68769617,,,,,,,,,,,,,,
44.51855921,44.695543,,,,,,,,,,,,,,
44.52640665,44.87199873,,,,,,,,,,,,,,
44.4601381,44.71123666,,,,,,,,,,,,,,
44.47583176,44.86032643,,,,,,,,,,,,,,
44.56214689,44.68769617,,,,,,,,,,,,,,
44.55430006,44.75047081,,,,,,,,,,,,,,
44.47583176,44.71123666,,,,,,,,,,,,,,
44.56214689,44.72693032,,,,,,,,,,,,,,
44.54559724,44.695543,,,,,,,,,,,,,,
44.4488189,44.70338983,,,,,,,,,,,,,,
44.49941107,44.71908349,,,,,,,,,,,,,,
44.56129336,44.67109424,,,,,,,,,,,,,,
44.51892744,44.67984934,,,,,,,,,,,,,,
44.53075957,44.68769617,,,,,,,,,,,,,,
44.53339612,44.6254328,,,,,,,,,,,,,,
44.44008475,44.66415568,,,,,,,,,,,,,,
44.52205305,44.71199245,,,,,,,,,,,,,,
44.52291274,44.76121446,,,,,,,,,,,,,,
44.45577964,44.68719768,,,,,,,,,,,,,,
44.47583176,44.69995275,,,,,,,,,,,,,,
44.5342541,44.71883602,,,,,,,,,,,,,,
44.50721908,44.75403384,,,,,,,,,,,,,,
44.50721908,44.65630885,,,,,,,,,,,,,,
44.54210155,44.67462639,,,,,,,,,,,,,,
44.4514205,44.67200251,,,,,,,,,,,,,,
44.51071176,44.59353421,,,,,,,,,,,,,,
44.48543842,44.71123666,,,,,,,,,,,,,,
44.53774918,44.60138104,,,,,,,,,,,,,,
44.46798493,44.71123666,,,,,,,,,,,,,,
44.4514205,44.67900748,,,,,,,,,,,,,,
44.54045562,44.69655335,,,,,,,,,,,,,,
44.5342541,44.72997549,,,,,,,,,,,,,,
44.44008475,44.68553459,,,,,,,,,,,,,,
44.49418787,44.764604,,,,,,,,,,,,,,
44.47944558,44.67200251,,,,,,,,,,,,,,
44.45665829,44.68536413,,,,,,,,,,,,,,
44.50848796,44.65943055,,,,,,,,,,,,,,
44.50376884,44.73477715,,,,,,,,,,,,,,
44.50125865,44.74325706,,,,,,,,,,,,,,
44.58568738,44.8232123,,,,,,,,,,,,,,
44.48719962,44.73389803,,,,,,,,,,,,,,
44.44444444,44.82179958,,,,,,,,,,,,,,
44.54559724,44.66027053,,,,,,,,,,,,,,
44.48716943,44.71123666,,,,,,,,,,,,,,
44.58833687,44.82460959,,,,,,,,,,,,,,
44.57963733,44.82109228,,,,,,,,,,,,,,
44.47409733,44.7740113,,,,,,,,,,,,,,
44.46798493,44.82460959,,,,,,,,,,,,,,
44.52291274,44.79755179,,,,,,,,,,,,,,
44.49439975,44.8089147,,,,,,,,,,,,,,
44.52773613,44.75315909,,,,,,,,,,,,,,
44.55750118,44.64846202,,,,,,,,,,,,,,
44.5057979,44.65630885,,,,,,,,,,,,,,
44.5136862,44.62842345,,,,,,,,,,,,,,
44.482133,44.63627089,,,,,,,,,,,,,,
44.48979592,44.74531042,,,,,,,,,,,,,,
44.51855921,44.74262398,,,,,,,,,,,,,,
44.51769877,44.75047081,,,,,,,,,,,,,,
44.44270016,44.68769617,,,,,,,,,,,,,,
44.43136332,44.71908349,,,,,,,,,,,,,,
44.44270016,44.74262398,,,,,,,,,,,,,,
44.44270016,44.78185813,,,,,,,,,,,,,,
44.49415274,44.7740113,,,,,,,,,,,,,,
44.4706067,44.71908349,,,,,,,,,,,,,,
44.47409733,44.78773585,,,,,,,,,,,,,,
44.47845538,44.78185813,,,,,,,,,,,,,,
44.49415274,44.695543,,,,,,,,,,,,,,
44.47496468,44.64846202,,,,,,,,,,,,,,
44.43485086,44.66415568,,,,,,,,,,,,,,
44.44270016,44.74262398,,,,,,,,,,,,,,
44.45490935,44.695543,,,,,,,,,,,,,,
44.45054945,44.72961306,,,,,,,,,,,,,,
44.49764521,44.71908349,,,,,,,,,,,,,,
44.46711662,44.70542027,,,,,,,,,,,,,,
44.48979592,44.71908349,,,,,,,,,,,,,,
44.49678128,44.69471041,,,,,,,,,,,,,,
44.45403878,44.70338983,,,,,,,,,,,,,,
44.48194662,44.73477715,,,,,,,,,,,,,,
44.42176337,44.68268929,,,,,,,,,,,,,,
44.49937225,44.70338983,,,,,,,,,,,,,,
44.5038108,44.75047081,,,,,,,,,,,,,,
44.48059678,44.83678594,,,,,,,,,,,,,,
44.51506591,44.82893911,,,,,,,,,,,,,,
44.50721908,44.82109228,,,,,,,,,,,,,,
44.50721908,44.82109228,,,,,,,,,,,,,,
44.52871929,44.82109228,,,,,,,,,,,,,,
44.47583176,44.83678594,,,,,,,,,,,,,,
44.53088166,44.83678594,,,,,,,,,,,,,,
44.48367859,44.67200251,,,,,,,,,,,,,,
44.51597707,44.62492153,,,,,,,,,,,,,,
44.49937225,44.78479422,,,,,,,,,,,,,,
44.46190102,44.62492153,,,,,,,,,,,,,,
44.45229127,44.74262398,,,,,,,,,,,,,,
44.48367859,44.72753008,,,,,,,,,,,,,,
44.48367859,44.72753008,,,,,,,,,,,,,,
44.54796684,44.73395071,,,,,,,,,,,,,,
44.48367859,44.73395071,,,,,,,,,,,,,,
44.51506591,44.73828769,,,,,,,,,,,,,,
44.46198784,44.73395071,,,,,,,,,,,,,,
44.50635693,44.72693032,,,,,,,,,,,,,,
44.50200141,44.72444654,,,,,,,,,,,,,,
44.48194662,44.72693032,,,,,,,,,,,,,,
44.51769877,44.80539862,,,,,,,,,,,,,,
44.47409733,44.71908349,,,,,,,,,,,,,,
44.49415274,44.67200251,,,,,,,,,,,,,,
44.48630406,44.67984934,,,,,,,,,,,,,,
44.46624804,44.67200251,,,,,,,,,,,,,,
44.49764521,44.75831764,,,,,,,,,,,,,,
44.46275803,44.74262398,,,,,,,,,,,,,,
44.48194662,44.80025116,,,,,,,,,,,,,,
44.4514205,44.62302056,,,,,,,,,,,,,,
44.4514205,44.695543,,,,,,,,,,,,,,
44.53075957,44.68769617,,,,,,,,,,,,,,
44.47583176,44.66415568,,,,,,,,,,,,,,
44.45229127,44.72567206,,,,,,,,,,,,,,
44.47583176,44.71908349,,,,,,,,,,,,,,
44.51506591,44.77752492,,,,,,,,,,,,,,
44.48716943,44.68769617,,,,,,,,,,,,,,
44.51071176,44.78970496,,,,,,,,,,,,,,
44.51526597,44.81324545,,,,,,,,,,,,,,
44.50200141,44.81324545,,,,,,,,,,,,,,
44.47583176,44.81676214,,,,,,,,,,,,,,
44.45577964,44.81324545,,,,,,,,,,,,,,
44.49937225,44.80539862,,,,,,,,,,,,,,
44.45577964,44.80539862,,,,,,,,,,,,,,
44.4601381,44.80539862,,,,,,,,,,,,,,
44.51071176,44.8524796,,,,,,,,,,,,,,
44.50721908,44.695543,,,,,,,,,,,,,,
44.54994899,44.79755179,,,,,,,,,,,,,,
44.48367859,44.68769617,,,,,,,,,,,,,,
44.51769877,44.71123666,,,,,,,,,,,,,,
44.49152542,44.66415568,,,,,,,,,,,,,,
44.49501687,44.75047081,,,,,,,,,,,,,,
44.43659761,44.74262398,,,,,,,,,,,,,,
44.47147454,44.70255847,,,,,,,,,,,,,,
44.47932198,44.7068979,,,,,,,,,,,,,,
44.49152542,44.695543,,,,,,,,,,,,,,
44.4601381,44.78185813,,,,,,,,,,,,,,
44.46798493,44.695543,,,,,,,,,,,,,,
44.48367859,44.6118829,,,,,,,,,,,,,,
44.44444444,44.74613513,,,,,,,,,,,,,,
44.43659761,44.8089147,,,,,,,,,,,,,,
44.50721908,44.82109228,,,,,,,,,,,,,,
44.49937225,44.82893911,,,,,,,,,,,,,,
44.48367859,44.82109228,,,,,,,,,,,,,,
44.48367859,44.82109228,,,,,,,,,,,,,,
44.53217529,44.82109228,,,,,,,,,,,,,,
44.46798493,44.75398258,,,,,,,,,,,,,,
44.52934226,44.58048819,,,,,,,,,,,,,,
44.48367859,44.58833687,,,,,,,,,,,,,,
44.49937225,44.58048819,,,,,,,,,,,,,,
44.50315457,44.58048819,,,,,,,,,,,,,,
44.49152542,44.60403422,,,,,,,,,,,,,,
44.49937225,44.58833687,,,,,,,,,,,,,,
44.49937225,44.59618554,,,,,,,,,,,,,,
44.50635693,44.59618554,,,,,,,,,,,,,,
44.53075957,44.59618554,,,,,,,,,,,,,,
44.44270016,44.74964684,,,,,,,,,,,,,,
44.41915228,44.62758025,,,,,,,,,,,,,,
44.55259027,44.63219113,,,,,,,,,,,,,,
44.42700157,44.60138104,,,,,,,,,,,,,,
44.43048905,44.76100777,,,,,,,,,,,,,,
44.43485086,44.67200251,,,,,,,,,,,,,,
44.47758851,44.56922956,,,,,,,,,,,,,,
44.51420499,44.82109228,,,,,,,,,,,,,,
44.49066081,44.80539862,,,,,,,,,,,,,,
44.47845538,44.86032643,,,,,,,,,,,,,,
44.49066081,44.5857872,,,,,,,,,,,,,,
44.50113824,44.73477715,,,,,,,,,,,,,,
44.49415274,44.7003866,,,,,,,,,,,,,,
44.43829552,44.81324545,,,,,,,,,,,,,,
44.50200141,44.64061519,,,,,,,,,,,,,,
44.51420499,44.695543,,,,,,,,,,,,,,
44.51420499,44.71123666,,,,,,,,,,,,,,
44.50985009,44.71123666,,,,,,,,,,,,,,
44.51855921,44.695543,,,,,,,,,,,,,,
44.49850887,44.67383625,,,,,,,,,,,,,,
44.49850887,44.68769617,,,,,,,,,,,,,,
44.5133438,44.695543,,,,,,,,,,,,,,
44.51769877,44.71123666,,,,,,,,,,,,,,
44.49850887,44.66415568,,,,,,,,,,,,,,
44.50635693,44.65196579,,,,,,,,,,,,,,
44.50200141,44.66263451,,,,,,,,,,,,,,
44.48630406,44.65630885,,,,,,,,,,,,,,
44.49850887,44.67200251,,,,,,,,,,,,,,
44.54909348,44.65630885,,,,,,,,,,,,,,
44.48630406,44.75047081,,,,,,,,,,,,,,
44.48281275,44.71040653,,,,,,,,,,,,,,
44.49415274,,,,,,,,,,,,,,,
44.49066081,,,,,,,,,,,,,,,
44.5342541,,,,,,,,,,,,,,,
44.5342541,,,,,,,,,,,,,,,
44.51855921,,,,,,,,,,,,,,,
44.50726345,,,,,,,,,,,,,,,
44.51855921,,,,,,,,,,,,,,,
44.52990111,,,,,,,,,,,,,,,
44.5534453,,,,,,,,,,,,,,,
44.49501687,,,,,,,,,,,,,,,
44.54909348,,,,,,,,,,,,,,,
44.50113824,,,,,,,,,,,,,,,
44.50113824,,,,,,,,,,,,,,,
44.53603391,,,,,,,,,,,,,,,
44.49937225,,,,,,,,,,,,,,,
44.49066081,,,,,,,,,,,,,,,
44.51420499,,,,,,,,,,,,,,,
44.52291274,,,,,,,,,,,,,,,
44.52640665,,,,,,,,,,,,,,,
44.48367859,,,,,,,,,,,,,,,
44.52904239,,,,,,,,,,,,,,,
44.53774918,,,,,,,,,,,,,,,
44.52205305,,,,,,,,,,,,,,,
44.56129336,,,,,,,,,,,,,,,
44.51855921,,,,,,,,,,,,,,,
44.49152542,,,,,,,,,,,,,,,
44.48367859,,,,,,,,,,,,,,,
44.49152542,,,,,,,,,,,,,,,
44.47845538,,,,,,,,,,,,,,,
44.47583176,,,,,,,,,,,,,,,
44.5386064,,,,,,,,,,,,,,,
44.49937225,,,,,,,,,,,,,,,
44.51506591,,,,,,,,,,,,,,,
44.48367859,,,,,,,,,,,,,,,
44.5412448,,,,,,,,,,,,,,,
44.46798493,,,,,,,,,,,,,,,
44.48197314,,,,,,,,,,,,,,,
