EPI_ISL_124333|Swine|H1N2|2009.967|NorthAmerica|,2009.967,-451,45.7161981258367,1494,1494,41.3654618473896,47.8915662650602
EPI_ISL_119606|Swine|H1N2|2010.337|NorthAmerica|,2010.337,-450.7,45.5823293172691,1494,1494,40.9638554216867,47.8915662650602
EPI_ISL_119343|Swine|H1N2|2010.359|NorthAmerica|,2010.359,-450.7,45.5823293172691,1494,1494,40.9638554216867,47.8915662650602
EPI_ISL_153862|Swine|H1N2|2013.83|NorthAmerica|,2013.83,-433.7,45.6492637215529,1494,1494,40.3614457831325,48.2931726907631
EPI_ISL_153861|Swine|H1N2|2013.822|NorthAmerica|,2013.822,-431.8,45.6492637215529,1494,1494,40.5622489959839,48.1927710843374
EPI_ISL_151925|Swine|H1N2|2013.773|NorthAmerica|,2013.773,-425.8,45.4484605087015,1494,1494,40.1606425702811,48.0923694779116
EPI_ISL_162584|Swine|H1N2|2014.247|NorthAmerica|,2014.247,-433.2,45.5153949129853,1494,1494,40.1606425702811,48.1927710843374
EPI_ISL_234584|Swine|H1N2|2016.59|NorthAmerica|,2016.59,-436.5,46.5863453815261,1494,1494,42.9718875502008,48.3935742971888
EPI_ISL_205075|Swine|H1N2|2015.841|NorthAmerica|,2015.841,-434.4,46.4524765729585,1494,1494,42.9718875502008,48.1927710843374
EPI_ISL_171045|Swine|H1N2|2014.773|NorthAmerica|,2014.773,-430.3,46.3186077643909,1494,1494,42.7710843373494,48.0923694779116
EPI_ISL_254685|Swine|H1N2|2017.011|NorthAmerica|,2017.011,-429.6,46.3186077643909,1494,1494,42.570281124498,48.1927710843374
EPI_ISL_262589|Swine|H1N2|2017.214|NorthAmerica|,2017.214,-429.5,46.5194109772423,1494,1494,43.7751004016064,47.8915662650602
EPI_ISL_190541|Swine|H1N2|2015.318|NorthAmerica|,2015.318,-426.1,46.3855421686747,1494,1494,42.9718875502008,48.0923694779116
EPI_ISL_234527|Swine|H1N2|2016.516|NorthAmerica|,2016.516,-431.7,46.3186077643909,1494,1494,42.7710843373494,48.0923694779116
EPI_ISL_296421|Swine|H1N2|2017.743|NorthAmerica|,2017.743,-439.3,46.4524765729585,1494,1494,43.574297188755,47.8915662650602
EPI_ISL_136566|Swine|H1N2|2012.915|NorthAmerica|,2012.915,-427.2,46.3806970509383,1492,1494,43.2595573440644,47.9396984924623
EPI_ISL_245325|Swine|H1N2|2016.833|NorthAmerica|,2016.833,-420.5,46.3855421686747,1494,1494,43.1726907630522,47.9919678714859
EPI_ISL_200105|Swine|H1N2|2015.611|NorthAmerica|,2015.611,-421.9,46.1847389558233,1494,1494,42.570281124498,47.9919678714859
EPI_ISL_200097|Swine|H1N2|2015.611|NorthAmerica|,2015.611,-421.9,46.1847389558233,1494,1494,42.570281124498,47.9919678714859
EPI_ISL_200108|Swine|H1N2|2015.611|NorthAmerica|,2015.611,-421.9,46.1847389558233,1494,1494,42.570281124498,47.9919678714859
EPI_ISL_174539|Swine|H1N2|2015.019|NorthAmerica|,2015.019,-421.8,46.7871485943775,1494,1494,44.3775100401606,47.9919678714859
EPI_ISL_180640|Swine|H1N2|2015.036|NorthAmerica|,2015.036,-422.8,46.6532797858099,1494,1494,43.9759036144578,47.9919678714859
EPI_ISL_174442|Swine|H1N2|2014.4|NorthAmerica|,2014.4,-427.5,46.6532797858099,1494,1494,43.9759036144578,47.9919678714859
EPI_ISL_174440|Swine|H1N2|2014.419|NorthAmerica|,2014.419,-427.5,46.6532797858099,1494,1494,43.9759036144578,47.9919678714859
EPI_ISL_222528|Swine|H1N2|2016.295|NorthAmerica|,2016.295,-423.8,45.3145917001339,1494,1494,40.1606425702811,47.8915662650602
EPI_ISL_206016|Swine|H1N2|2015.844|NorthAmerica|,2015.844,-427.7,45.4484605087015,1494,1494,40.3614457831325,47.9919678714859
EPI_ISL_208987|Swine|H1N2|2015.915|NorthAmerica|,2015.915,-427.7,45.4484605087015,1494,1494,40.3614457831325,47.9919678714859
EPI_ISL_243360|Swine|H1N2|2016.678|NorthAmerica|,2016.678,-427.5,45.4484605087015,1494,1494,40.3614457831325,47.9919678714859
EPI_ISL_256257|Swine|H1N2|2015.885|NorthAmerica|,2015.885,-428.3,45.5153949129853,1494,1494,40.5622489959839,47.9919678714859
EPI_ISL_209197|Swine|H1N2|2015.951|NorthAmerica|,2015.951,-426.8,45.3145917001339,1494,1494,40.1606425702811,47.8915662650602
EPI_ISL_243377|Swine|H1N2|2016.669|NorthAmerica|,2016.669,-428.9,45.5153949129853,1494,1494,40.7630522088353,47.8915662650602
EPI_ISL_263480|Swine|H1N2|2016.085|NorthAmerica|,2016.085,-427.7,45.3145917001339,1494,1494,39.9598393574297,47.9919678714859
EPI_ISL_327830|Swine|H1N2|2016.415|NorthAmerica|,2016.415,-428,45.3815261044177,1494,1494,39.9598393574297,48.0923694779116
EPI_ISL_253975|Swine|H1N2|2016.423|NorthAmerica|,2016.423,-427.7,45.3145917001339,1494,1494,39.9598393574297,47.9919678714859
EPI_ISL_253974|Swine|H1N2|2016.423|NorthAmerica|,2016.423,-427.7,45.3145917001339,1494,1494,39.9598393574297,47.9919678714859
EPI_ISL_253965|Swine|H1N2|2016.423|NorthAmerica|,2016.423,-428,45.3815261044177,1494,1494,39.9598393574297,48.0923694779116
EPI_ISL_253973|Swine|H1N2|2016.423|NorthAmerica|,2016.423,-427.7,45.3145917001339,1494,1494,39.9598393574297,47.9919678714859
EPI_ISL_253972|Swine|H1N2|2016.423|NorthAmerica|,2016.423,-427.7,45.3145917001339,1494,1494,39.9598393574297,47.9919678714859
EPI_ISL_253969|Swine|H1N2|2016.423|NorthAmerica|,2016.423,-427.7,45.3145917001339,1494,1494,39.9598393574297,47.9919678714859
EPI_ISL_253964|Swine|H1N2|2016.423|NorthAmerica|,2016.423,-428,45.3815261044177,1494,1494,39.9598393574297,48.0923694779116
EPI_ISL_253961|Swine|H1N2|2016.404|NorthAmerica|,2016.404,-428,45.3145917001339,1494,1494,39.7590361445783,48.0923694779116
EPI_ISL_253960|Swine|H1N2|2016.404|NorthAmerica|,2016.404,-428,45.3145917001339,1494,1494,39.7590361445783,48.0923694779116
EPI_ISL_327822|Swine|H1N2|2016.415|NorthAmerica|,2016.415,-427.2,45.3145917001339,1494,1494,40.1606425702811,47.8915662650602
EPI_ISL_327835|Swine|H1N2|2016.331|NorthAmerica|,2016.331,-427.8,45.3145917001339,1494,1494,40.1606425702811,47.8915662650602
EPI_ISL_327827|Swine|H1N2|2016.415|NorthAmerica|,2016.415,-427.8,45.3815261044177,1494,1494,40.3614457831325,47.8915662650602
EPI_ISL_253979|Swine|H1N2|2016.443|NorthAmerica|,2016.443,-427.7,45.3145917001339,1494,1494,39.9598393574297,47.9919678714859
EPI_ISL_253978|Swine|H1N2|2016.423|NorthAmerica|,2016.423,-429.1,45.2476572958501,1494,1494,39.9598393574297,47.8915662650602
EPI_ISL_253977|Swine|H1N2|2016.423|NorthAmerica|,2016.423,-427.7,45.3145917001339,1494,1494,39.9598393574297,47.9919678714859
EPI_ISL_253976|Swine|H1N2|2016.423|NorthAmerica|,2016.423,-427.7,45.3145917001339,1494,1494,39.9598393574297,47.9919678714859
EPI_ISL_282414|Swine|H1N2|2017.118|NorthAmerica|,2017.118,-432.3,45.3145917001339,1494,1494,40.1606425702811,47.8915662650602
EPI_ISL_297061|Swine|H1N2|2017.833|NorthAmerica|,2017.833,-431.3,45.4484605087015,1494,1494,40.5622489959839,47.8915662650602
EPI_ISL_234954|Swine|H1N2|2016.489|NorthAmerica|,2016.489,-433.3,45.4484605087015,1494,1494,40.3614457831325,47.9919678714859
EPI_ISL_203147|Swine|H1N2|2015.808|NorthAmerica|,2015.808,-426.6,45.3815261044177,1494,1494,40.1606425702811,47.9919678714859
EPI_ISL_225486|Swine|H1N2|2016.262|NorthAmerica|,2016.262,-427.6,45.3145917001339,1494,1494,40.1606425702811,47.8915662650602
EPI_ISL_217002|Swine|H1N2|2016.052|NorthAmerica|,2016.052,-426.8,45.2476572958501,1494,1494,40.1606425702811,47.7911646586345
EPI_ISL_222502|Swine|H1N2|2016.246|NorthAmerica|,2016.246,-422,45.2476572958501,1494,1494,39.9598393574297,47.8915662650602
EPI_ISL_4082048|Swine|H1N2|2021.132|NorthAmerica|,2021.132,-427.6,45.0468540829987,1494,1494,39.7590361445783,47.6907630522088
EPI_ISL_707233|Swine|H1N2|2020.598|NorthAmerica|,2020.598,-428,45.3815261044177,1494,1494,40.7630522088353,47.6907630522088
EPI_ISL_285408|Swine|H1N2|2017.696|NorthAmerica|,2017.696,-426.8,44.9799196787149,1494,1494,39.7590361445783,47.5903614457831
EPI_ISL_295663|Swine|H1N2|2017.945|NorthAmerica|,2017.945,-428.3,45.1807228915663,1494,1494,40.3614457831325,47.5903614457831
EPI_ISL_266551|Swine|H1N2|2017.233|NorthAmerica|,2017.233,-444.4,45.2476572958501,1494,1494,40.3614457831325,47.6907630522088
EPI_ISL_254683|Swine|H1N2|2017.011|NorthAmerica|,2017.011,-432.7,45.7161981258367,1494,1494,41.3654618473896,47.8915662650602
EPI_ISL_399386|Swine|H1N2|2016.227|NorthAmerica|,2016.227,-432.6,45.1137884872825,1494,1494,39.7590361445783,47.7911646586345
EPI_ISL_399328|Swine|H1N2|2016.227|NorthAmerica|,2016.227,-432.6,45.1137884872825,1494,1494,39.7590361445783,47.7911646586345
EPI_ISL_399315|Swine|H1N2|2016.227|NorthAmerica|,2016.227,-432.6,45.1137884872825,1494,1494,39.7590361445783,47.7911646586345
EPI_ISL_4082141|Swine|H1N2|2016.383|NorthAmerica|,2016.383,-432.6,45.1137884872825,1494,1494,39.7590361445783,47.7911646586345
EPI_ISL_399324|Swine|H1N2|2016.227|NorthAmerica|,2016.227,-432.6,45.1137884872825,1494,1494,39.7590361445783,47.7911646586345
EPI_ISL_221738|Swine|H1N2|2016.199|NorthAmerica|,2016.199,-432.6,45.1137884872825,1494,1494,39.7590361445783,47.7911646586345
EPI_ISL_389835|Swine|H1N2|2016.306|NorthAmerica|,2016.306,-432.6,45.1137884872825,1494,1494,39.7590361445783,47.7911646586345
EPI_ISL_399331|Swine|H1N2|2016.227|NorthAmerica|,2016.227,-432.6,45.1137884872825,1494,1494,39.7590361445783,47.7911646586345
EPI_ISL_399325|Swine|H1N2|2016.227|NorthAmerica|,2016.227,-432.6,45.1137884872825,1494,1494,39.7590361445783,47.7911646586345
EPI_ISL_399353|Swine|H1N2|2016.536|NorthAmerica|,2016.536,-432.7,44.9799196787149,1494,1494,39.7590361445783,47.5903614457831
EPI_ISL_399350|Swine|H1N2|2016.536|NorthAmerica|,2016.536,-432.7,44.9799196787149,1494,1494,39.7590361445783,47.5903614457831
EPI_ISL_399347|Swine|H1N2|2016.536|NorthAmerica|,2016.536,-432.7,44.9799196787149,1494,1494,39.7590361445783,47.5903614457831
EPI_ISL_399334|Swine|H1N2|2016.536|NorthAmerica|,2016.536,-432.5,44.9129852744311,1494,1494,39.5582329317269,47.5903614457831
EPI_ISL_399322|Swine|H1N2|2016.536|NorthAmerica|,2016.536,-432.7,44.9799196787149,1494,1494,39.7590361445783,47.5903614457831
EPI_ISL_399327|Swine|H1N2|2016.536|NorthAmerica|,2016.536,-432.7,44.9799196787149,1494,1494,39.7590361445783,47.5903614457831
EPI_ISL_4082134|Swine|H1N2|2016.306|NorthAmerica|,2016.306,-430.7,45.0468540829987,1494,1494,39.5582329317269,47.7911646586345
EPI_ISL_399333|Swine|H1N2|2016.227|NorthAmerica|,2016.227,-430,45.0468540829987,1494,1494,39.7590361445783,47.6907630522088
EPI_ISL_389831|Swine|H1N2|2016.227|NorthAmerica|,2016.227,-432.6,45.1137884872825,1494,1494,39.7590361445783,47.7911646586345
EPI_ISL_399355|Swine|H1N2|2016.227|NorthAmerica|,2016.227,-432.6,45.1137884872825,1494,1494,39.7590361445783,47.7911646586345
EPI_ISL_399337|Swine|H1N2|2016.227|NorthAmerica|,2016.227,-432.6,45.1137884872825,1494,1494,39.7590361445783,47.7911646586345
EPI_ISL_399349|Swine|H1N2|2016.227|NorthAmerica|,2016.227,-432.6,45.1137884872825,1494,1494,39.7590361445783,47.7911646586345
EPI_ISL_399352|Swine|H1N2|2016.15|NorthAmerica|,2016.15,-431.9,45.1137884872825,1494,1494,39.5582329317269,47.8915662650602
EPI_ISL_399332|Swine|H1N2|2016.15|NorthAmerica|,2016.15,-430.4,45.0468540829987,1494,1494,39.5582329317269,47.7911646586345
EPI_ISL_4082148|Swine|H1N2|2016.15|NorthAmerica|,2016.15,-430.4,45.0468540829987,1494,1494,39.5582329317269,47.7911646586345
EPI_ISL_399351|Swine|H1N2|2016.15|NorthAmerica|,2016.15,-430.4,45.0468540829987,1494,1494,39.5582329317269,47.7911646586345
EPI_ISL_399348|Swine|H1N2|2016.153|NorthAmerica|,2016.153,-430.4,45.0468540829987,1494,1494,39.5582329317269,47.7911646586345
EPI_ISL_399341|Swine|H1N2|2016.15|NorthAmerica|,2016.15,-430.4,45.0468540829987,1494,1494,39.5582329317269,47.7911646586345
EPI_ISL_399314|Swine|H1N2|2016.15|NorthAmerica|,2016.15,-430.4,45.0468540829987,1494,1494,39.5582329317269,47.7911646586345
EPI_ISL_372888|Swine|H1N2|2016.15|NorthAmerica|,2016.15,-430,44.9799196787149,1494,1494,39.3574297188755,47.7911646586345
EPI_ISL_381555|Swine|H1N2|2016.15|NorthAmerica|,2016.15,-430.4,45.0468540829987,1494,1494,39.5582329317269,47.7911646586345
EPI_ISL_381556|Swine|H1N2|2016.15|NorthAmerica|,2016.15,-430.4,45.0468540829987,1494,1494,39.5582329317269,47.7911646586345
EPI_ISL_389833|Swine|H1N2|2016.15|NorthAmerica|,2016.15,-430.4,45.0468540829987,1494,1494,39.5582329317269,47.7911646586345
EPI_ISL_389830|Swine|H1N2|2016.15|NorthAmerica|,2016.15,-430.4,45.0468540829987,1494,1494,39.5582329317269,47.7911646586345
EPI_ISL_399357|Swine|H1N2|2016.15|NorthAmerica|,2016.15,-430.4,45.0468540829987,1494,1494,39.5582329317269,47.7911646586345
EPI_ISL_399356|Swine|H1N2|2016.15|NorthAmerica|,2016.15,-430.4,45.0468540829987,1494,1494,39.5582329317269,47.7911646586345
EPI_ISL_399354|Swine|H1N2|2016.15|NorthAmerica|,2016.15,-430.4,45.0468540829987,1494,1494,39.5582329317269,47.7911646586345
EPI_ISL_399346|Swine|H1N2|2016.15|NorthAmerica|,2016.15,-430.4,45.0468540829987,1494,1494,39.5582329317269,47.7911646586345
EPI_ISL_399345|Swine|H1N2|2016.15|NorthAmerica|,2016.15,-430.4,45.0468540829987,1494,1494,39.5582329317269,47.7911646586345
EPI_ISL_399344|Swine|H1N2|2016.15|NorthAmerica|,2016.15,-430.4,45.0468540829987,1494,1494,39.5582329317269,47.7911646586345
EPI_ISL_399343|Swine|H1N2|2016.15|NorthAmerica|,2016.15,-430.4,45.0468540829987,1494,1494,39.5582329317269,47.7911646586345
EPI_ISL_399342|Swine|H1N2|2016.15|NorthAmerica|,2016.15,-430.4,45.0468540829987,1494,1494,39.5582329317269,47.7911646586345
EPI_ISL_399340|Swine|H1N2|2016.15|NorthAmerica|,2016.15,-427.1,44.9799196787149,1494,1494,39.5582329317269,47.6907630522088
EPI_ISL_399336|Swine|H1N2|2016.15|NorthAmerica|,2016.15,-430.4,45.0468540829987,1494,1494,39.5582329317269,47.7911646586345
EPI_ISL_399320|Swine|H1N2|2016.15|NorthAmerica|,2016.15,-430.4,45.0468540829987,1494,1494,39.5582329317269,47.7911646586345
EPI_ISL_4082142|Swine|H1N2|2016.15|NorthAmerica|,2016.15,-430.4,45.0468540829987,1494,1494,39.5582329317269,47.7911646586345
EPI_ISL_216889|Swine|H1N2|2016.074|NorthAmerica|,2016.074,-429.9,45.5153949129853,1494,1494,40.5622489959839,47.9919678714859
EPI_ISL_373604|Swine|H1N2|2017.414|NorthAmerica|,2017.414,-422.2,45.3145917001339,1494,1494,40.3614457831325,47.7911646586345
EPI_ISL_370469|Swine|H1N2|2017.414|NorthAmerica|,2017.414,-422.2,45.3145917001339,1494,1494,40.3614457831325,47.7911646586345
EPI_ISL_379349|Swine|H1N2|2017.414|NorthAmerica|,2017.414,-422.2,45.3145917001339,1494,1494,40.3614457831325,47.7911646586345
EPI_ISL_245044|Swine|H1N2|2016.76|NorthAmerica|,2016.76,-432.8,45.6492637215529,1494,1494,40.9638554216867,47.9919678714859
EPI_ISL_217478|Swine|H1N2|2016.112|NorthAmerica|,2016.112,-434.1,45.6492637215529,1494,1494,40.9638554216867,47.9919678714859
EPI_ISL_216995|Swine|H1N2|2016.052|NorthAmerica|,2016.052,-436.7,45.7161981258367,1494,1494,41.1646586345382,47.9919678714859
EPI_ISL_245085|Swine|H1N2|2016.795|NorthAmerica|,2016.795,-428.1,45.5823293172691,1494,1494,40.7630522088353,47.9919678714859
EPI_ISL_225511|Swine|H1N2|2016.303|NorthAmerica|,2016.303,-430.1,45.5823293172691,1494,1494,40.7630522088353,47.9919678714859
EPI_ISL_222505|Swine|H1N2|2016.257|NorthAmerica|,2016.257,-430.1,45.5823293172691,1494,1494,40.7630522088353,47.9919678714859
EPI_ISL_252795|Swine|H1N2|2016.913|NorthAmerica|,2016.913,-429.4,45.3145917001339,1494,1494,40.1606425702811,47.8915662650602
EPI_ISL_257157|Swine|H1N2|2017.06|NorthAmerica|,2017.06,-427.7,45.3815261044177,1494,1494,40.3614457831325,47.8915662650602
EPI_ISL_234524|Swine|H1N2|2016.574|NorthAmerica|,2016.574,-423,45.3815261044177,1494,1494,40.3614457831325,47.8915662650602
EPI_ISL_282912|Swine|H1N2|2017.638|NorthAmerica|,2017.638,-432.6,45.4484605087015,1494,1494,40.5622489959839,47.8915662650602
EPI_ISL_230203|Swine|H1N2|2016.399|NorthAmerica|,2016.399,-432.5,45.3815261044177,1494,1494,40.3614457831325,47.8915662650602
EPI_ISL_222081|Swine|H1N2|2016.219|NorthAmerica|,2016.219,-431.4,45.4484605087015,1494,1494,40.5622489959839,47.8915662650602
EPI_ISL_258653|Swine|H1N2|2017.104|NorthAmerica|,2017.104,-423,45.2476572958501,1494,1494,39.9598393574297,47.8915662650602
EPI_ISL_234676|Swine|H1N2|2016.552|NorthAmerica|,2016.552,-424.2,45.3145917001339,1494,1494,40.1606425702811,47.8915662650602
EPI_ISL_230182|Swine|H1N2|2016.391|NorthAmerica|,2016.391,-423.2,45.1807228915663,1494,1494,39.7590361445783,47.8915662650602
EPI_ISL_387830|Swine|H1N2|2019.312|NorthAmerica|,2019.312,-424.9,45.3145917001339,1494,1494,39.9598393574297,47.9919678714859
EPI_ISL_502887|Swine|H1N2|2020.322|NorthAmerica|,2020.322,-425.7,45.0468540829987,1494,1494,39.3574297188755,47.8915662650602
EPI_ISL_504123|Swine|H1N2|2019.962|NorthAmerica|,2019.962,-425.3,45.0468540829987,1494,1494,39.3574297188755,47.8915662650602
EPI_ISL_503953|Swine|H1N2|2019.888|NorthAmerica|,2019.888,-429.6,45.1137884872825,1494,1494,39.7590361445783,47.7911646586345
EPI_ISL_280206|Swine|H1N2|2016.497|NorthAmerica|,2016.497,-427.1,45.3145917001339,1494,1494,40.1606425702811,47.8915662650602
EPI_ISL_261457|Swine|H1N2|2017.137|NorthAmerica|,2017.137,-423.2,45.3145917001339,1494,1494,40.1606425702811,47.8915662650602
EPI_ISL_280237|Swine|H1N2|2016.582|NorthAmerica|,2016.582,-428,45.2476572958501,1494,1494,39.9598393574297,47.8915662650602
EPI_ISL_280236|Swine|H1N2|2016.582|NorthAmerica|,2016.582,-428,45.2476572958501,1494,1494,39.9598393574297,47.8915662650602
EPI_ISL_280218|Swine|H1N2|2016.497|NorthAmerica|,2016.497,-427.1,45.3145917001339,1494,1494,40.1606425702811,47.8915662650602
EPI_ISL_280224|Swine|H1N2|2016.497|NorthAmerica|,2016.497,-427.1,45.3145917001339,1494,1494,40.1606425702811,47.8915662650602
EPI_ISL_280223|Swine|H1N2|2016.497|NorthAmerica|,2016.497,-427.1,45.3145917001339,1494,1494,40.1606425702811,47.8915662650602
EPI_ISL_280222|Swine|H1N2|2016.497|NorthAmerica|,2016.497,-427.1,45.3145917001339,1494,1494,40.1606425702811,47.8915662650602
EPI_ISL_209144|Swine|H1N2|2015.951|NorthAmerica|,2015.951,-425.6,45.2476572958501,1494,1494,39.9598393574297,47.8915662650602
EPI_ISL_220583|Swine|H1N2|2016.205|NorthAmerica|,2016.205,-428.2,45.3145917001339,1494,1494,40.1606425702811,47.8915662650602
EPI_ISL_200975|Swine|H1N2|2015.649|NorthAmerica|,2015.649,-425.8,45.3145917001339,1494,1494,40.1606425702811,47.8915662650602
EPI_ISL_203193|Swine|H1N2|2015.748|NorthAmerica|,2015.748,-425.8,45.3815261044177,1494,1494,40.3614457831325,47.8915662650602
EPI_ISL_256259|Swine|H1N2|2015.877|NorthAmerica|,2015.877,-425.5,45.2476572958501,1494,1494,39.9598393574297,47.8915662650602
EPI_ISL_203177|Swine|H1N2|2015.762|NorthAmerica|,2015.762,-425.5,45.2476572958501,1494,1494,39.9598393574297,47.8915662650602
EPI_ISL_216892|Swine|H1N2|2016.077|NorthAmerica|,2016.077,-425.7,45.1137884872825,1494,1494,39.7590361445783,47.7911646586345
EPI_ISL_245800|Swine|H1N2|2015.852|NorthAmerica|,2015.852,-425.5,45.2476572958501,1494,1494,39.9598393574297,47.8915662650602
EPI_ISL_245786|Swine|H1N2|2015.852|NorthAmerica|,2015.852,-425.5,45.2476572958501,1494,1494,39.9598393574297,47.8915662650602
EPI_ISL_212203|Swine|H1N2|2016.016|NorthAmerica|,2016.016,-426.9,45.1807228915663,1494,1494,39.3574297188755,48.0923694779116
EPI_ISL_256256|Swine|H1N2|2015.953|NorthAmerica|,2015.953,-427,45.1807228915663,1494,1494,39.5582329317269,47.9919678714859
EPI_ISL_4083549|Swine|H1N2|2021.258|NorthAmerica|,2021.258,-432.3,45.0468540829987,1494,1494,39.7590361445783,47.6907630522088
EPI_ISL_707332|Swine|H1N2|2020.675|NorthAmerica|,2020.675,-429.7,44.9129852744311,1494,1494,39.1566265060241,47.7911646586345
EPI_ISL_256250|Swine|H1N2|2015.953|NorthAmerica|,2015.953,-427,45.1807228915663,1494,1494,39.5582329317269,47.9919678714859
EPI_ISL_195379|Swine|H1N2|2015.455|NorthAmerica|,2015.455,-425.8,45.3145917001339,1494,1494,40.1606425702811,47.8915662650602
EPI_ISL_208988|Swine|H1N2|2015.896|NorthAmerica|,2015.896,-425.9,45.3815261044177,1494,1494,40.1606425702811,47.9919678714859
EPI_ISL_203143|Swine|H1N2|2015.805|NorthAmerica|,2015.805,-425.7,45.3145917001339,1494,1494,40.1606425702811,47.8915662650602
EPI_ISL_195378|Swine|H1N2|2015.46|NorthAmerica|,2015.46,-425.8,45.3145917001339,1494,1494,40.1606425702811,47.8915662650602
EPI_ISL_253724|Swine|H1N2|2016.967|NorthAmerica|,2016.967,-430.5,45.3145917001339,1494,1494,39.9598393574297,47.9919678714859
EPI_ISL_200980|Swine|H1N2|2015.652|NorthAmerica|,2015.652,-424.8,45.2476572958501,1494,1494,40.1606425702811,47.7911646586345
EPI_ISL_198159|Swine|H1N2|2015.337|NorthAmerica|,2015.337,-429.9,45.3815261044177,1494,1494,40.3614457831325,47.8915662650602
EPI_ISL_198163|Swine|H1N2|2015.403|NorthAmerica|,2015.403,-429.9,45.3815261044177,1494,1494,40.3614457831325,47.8915662650602
EPI_ISL_198161|Swine|H1N2|2015.381|NorthAmerica|,2015.381,-429.9,45.3815261044177,1494,1494,40.3614457831325,47.8915662650602
EPI_ISL_206374|Swine|H1N2|2015.816|NorthAmerica|,2015.816,-425.9,45.2476572958501,1494,1494,39.9598393574297,47.8915662650602
EPI_ISL_198167|Swine|H1N2|2015.332|NorthAmerica|,2015.332,-429.9,45.3815261044177,1494,1494,40.3614457831325,47.8915662650602
EPI_ISL_503909|Swine|H1N2|2020.156|NorthAmerica|,2020.156,-417.6,45.4484605087015,1494,1494,40.7630522088353,47.7911646586345
EPI_ISL_697644|Swine|H1N2|2020.732|NorthAmerica|,2020.732,-434.6,45.7161981258367,1494,1494,41.1646586345382,47.9919678714859
EPI_ISL_304651|Swine|H1N2|2018.118|NorthAmerica|,2018.118,-427.2,45.5823293172691,1494,1494,40.9638554216867,47.8915662650602
EPI_ISL_297094|Swine|H1N2|2017.858|NorthAmerica|,2017.858,-426.4,45.5823293172691,1494,1494,40.9638554216867,47.8915662650602
EPI_ISL_260828|Swine|H1N2|2017.159|NorthAmerica|,2017.159,-428.6,45.7161981258367,1494,1494,41.566265060241,47.7911646586345
EPI_ISL_297091|Swine|H1N2|2017.871|NorthAmerica|,2017.871,-428.8,45.7831325301205,1494,1494,41.7670682730924,47.7911646586345
EPI_ISL_285479|Swine|H1N2|2017.701|NorthAmerica|,2017.701,-426.9,45.7161981258367,1494,1494,41.566265060241,47.7911646586345
EPI_ISL_235749|Swine|H1N2|2015.838|NorthAmerica|,2015.838,-429.9,45.3815261044177,1494,1494,40.3614457831325,47.8915662650602
EPI_ISL_168302|Swine|H1N2|2013.159|NorthAmerica|,2013.159,-431.4,46.4524765729585,1494,1494,43.1726907630522,48.0923694779116
EPI_ISL_140909|Swine|H1N2|2012.844|NorthAmerica|,2012.844,-436.6,46.7202141900937,1494,1494,43.3734939759036,48.3935742971888
EPI_ISL_140915|Swine|H1N2|2012.844|NorthAmerica|,2012.844,-433.7,46.6532797858099,1494,1494,43.1726907630522,48.3935742971888
EPI_ISL_140906|Swine|H1N2|2012.844|NorthAmerica|,2012.844,-431.3,46.5863453815261,1494,1494,43.1726907630522,48.2931726907631
EPI_ISL_140910|Swine|H1N2|2012.844|NorthAmerica|,2012.844,-434.3,46.7202141900937,1494,1494,43.3734939759036,48.3935742971888
EPI_ISL_97088|Swine|H1N2|2011.09|NorthAmerica|,2011.09,-445.9,45.5823293172691,1494,1494,41.1646586345382,47.7911646586345
EPI_ISL_130057|Swine|H1N2|2012.377|NorthAmerica|,2012.377,-448.6,45.7161981258367,1494,1494,41.566265060241,47.7911646586345
EPI_ISL_97097|Swine|H1N2|2011.178|NorthAmerica|,2011.178,-442.3,45.8500669344043,1494,1494,41.566265060241,47.9919678714859
EPI_ISL_127756|Swine|H1N2|2011.51|NorthAmerica|,2011.51,-444.8,45.9170013386881,1494,1494,41.7670682730924,47.9919678714859
EPI_ISL_189991|Swine|H1N2|2011.51|NorthAmerica|,2011.51,-446.9,45.7831325301205,1494,1494,41.1646586345382,48.0923694779116
EPI_ISL_131165|Swine|H1N2|2012.751|NorthAmerica|,2012.751,-430.7,45.5153949129853,1494,1494,40.1606425702811,48.1927710843374
EPI_ISL_136653|Swine|H1N2|2013.016|NorthAmerica|,2013.016,-432.3,45.6492637215529,1494,1494,40.5622489959839,48.1927710843374
EPI_ISL_133711|Swine|H1N2|2012.852|NorthAmerica|,2012.852,-432.3,45.6492637215529,1494,1494,40.5622489959839,48.1927710843374
EPI_ISL_132378|Swine|H1N2|2012.749|NorthAmerica|,2012.749,-430.7,45.5153949129853,1494,1494,40.1606425702811,48.1927710843374
EPI_ISL_130116|Swine|H1N2|2012.415|NorthAmerica|,2012.415,-430.7,45.5153949129853,1494,1494,40.1606425702811,48.1927710843374
EPI_ISL_136654|Swine|H1N2|2013.038|NorthAmerica|,2013.038,-430.7,45.5153949129853,1494,1494,40.1606425702811,48.1927710843374
EPI_ISL_97110|Swine|H1N2|2011.351|NorthAmerica|,2011.351,-434.5,45.6492637215529,1494,1494,40.7630522088353,48.0923694779116
EPI_ISL_97108|Swine|H1N2|2011.356|NorthAmerica|,2011.356,-435.3,45.7468184862693,1493,1494,40.9638554216867,48.1407035175879
EPI_ISL_97109|Swine|H1N2|2011.356|NorthAmerica|,2011.356,-436.3,45.7161981258367,1494,1494,40.9638554216867,48.0923694779116
EPI_ISL_131141|Swine|H1N2|2012.691|NorthAmerica|,2012.691,-434.6,45.5823293172691,1494,1494,40.1606425702811,48.2931726907631
EPI_ISL_133919|Swine|H1N2|2011.6|NorthAmerica|,2011.6,-432.6,45.6492637215529,1494,1494,40.7630522088353,48.0923694779116
EPI_ISL_143199|Swine|H1N2|2011.663|NorthAmerica|,2011.663,-429.3,45.4484605087015,1494,1494,40.3614457831325,47.9919678714859
EPI_ISL_143869|Swine|H1N2|2011.663|NorthAmerica|,2011.663,-429.8,45.5153949129853,1494,1494,40.3614457831325,48.0923694779116
EPI_ISL_127791|Swine|H1N2|2011.778|NorthAmerica|,2011.778,-430.7,45.7161981258367,1494,1494,40.9638554216867,48.0923694779116
EPI_ISL_127759|Swine|H1N2|2011.526|NorthAmerica|,2011.526,-429.8,45.4484605087015,1494,1494,40.1606425702811,48.0923694779116
EPI_ISL_127758|Swine|H1N2|2011.526|NorthAmerica|,2011.526,-429.4,45.5153949129853,1494,1494,40.3614457831325,48.0923694779116
EPI_ISL_103846|Swine|H1N2|2011.836|NorthAmerica|,2011.836,-430.7,45.7161981258367,1494,1494,40.9638554216867,48.0923694779116
EPI_ISL_127810|Swine|H1N2|2011.838|NorthAmerica|,2011.838,-435.1,45.4484605087015,1494,1494,40.1606425702811,48.0923694779116
EPI_ISL_151004|Swine|H1N2|2011.737|NorthAmerica|,2011.737,-436.7,45.5823293172691,1494,1494,40.3614457831325,48.1927710843374
EPI_ISL_151205|Swine|H1N2|2011.737|NorthAmerica|,2011.737,-436.7,45.5823293172691,1494,1494,40.3614457831325,48.1927710843374
EPI_ISL_103848|Swine|H1N2|2011.806|NorthAmerica|,2011.806,-438.8,45.5153949129853,1494,1494,40.3614457831325,48.0923694779116
EPI_ISL_132990|Swine|H1N2|2012.883|NorthAmerica|,2012.883,-436.7,45.3815261044177,1494,1494,40.1606425702811,47.9919678714859
EPI_ISL_243071|Swine|H1N2|2013.195|NorthAmerica|,2013.195,-436.3,45.2476572958501,1494,1494,39.7590361445783,47.9919678714859
EPI_ISL_117017|Swine|H1N2|2011.005|NorthAmerica|,2011.005,-436.2,45.5153949129853,1494,1494,40.3614457831325,48.0923694779116
EPI_ISL_116184|Swine|H1N2|2010.932|NorthAmerica|,2010.932,-436.2,45.5153949129853,1494,1494,40.3614457831325,48.0923694779116
EPI_ISL_116161|Swine|H1N2|2010.91|NorthAmerica|,2010.91,-432.3,45.6492637215529,1494,1494,40.7630522088353,48.0923694779116
EPI_ISL_116159|Swine|H1N2|2010.89|NorthAmerica|,2010.89,-436.2,45.5823293172691,1494,1494,40.5622489959839,48.0923694779116
EPI_ISL_189994|Swine|H1N2|2010.91|NorthAmerica|,2010.91,-432.3,45.6492637215529,1494,1494,40.7630522088353,48.0923694779116
EPI_ISL_189998|Swine|H1N2|2010.91|NorthAmerica|,2010.91,-432.3,45.6492637215529,1494,1494,40.7630522088353,48.0923694779116
EPI_ISL_127752|Swine|H1N2|2011.485|NorthAmerica|,2011.485,-432.1,45.4484605087015,1494,1494,40.1606425702811,48.0923694779116
EPI_ISL_189997|Swine|H1N2|2010.91|NorthAmerica|,2010.91,-432.3,45.6492637215529,1494,1494,40.7630522088353,48.0923694779116
EPI_ISL_167435|Swine|H1N2|2014.693|NorthAmerica|,2014.693,-443.8,46.5194109772423,1494,1494,42.9718875502008,48.2931726907631
EPI_ISL_222479|Swine|H1N2|2016.224|NorthAmerica|,2016.224,-448.9,46.5194109772423,1494,1494,42.9718875502008,48.2931726907631
EPI_ISL_393525|Swine|H1N2|2019.66|NorthAmerica|,2019.66,-437.3,45.9839357429719,1494,1494,41.9678714859438,47.9919678714859
EPI_ISL_396120|Swine|H1N2|2019.726|NorthAmerica|,2019.726,-439.3,46.0508701472557,1494,1494,42.3694779116466,47.8915662650602
EPI_ISL_301927|Swine|H1N2|2018.077|NorthAmerica|,2018.077,-450.2,46.3855421686747,1494,1494,42.7710843373494,48.1927710843374
EPI_ISL_212191|Swine|H1N2|2015.97|NorthAmerica|,2015.97,-449.4,46.4166108506363,1493,1494,42.8571428571429,48.1927710843374
EPI_ISL_198366|Swine|H1N2|2015.57|NorthAmerica|,2015.57,-448.1,46.4524765729585,1494,1494,42.7710843373494,48.2931726907631
EPI_ISL_297208|Swine|H1N2|2017.907|NorthAmerica|,2017.907,-439.5,46.1178045515395,1494,1494,41.9678714859438,48.1927710843374
EPI_ISL_253710|Swine|H1N2|2016.951|NorthAmerica|,2016.951,-444.7,46.3855421686747,1494,1494,42.570281124498,48.2931726907631
EPI_ISL_296542|Swine|H1N2|2017.795|NorthAmerica|,2017.795,-438.8,46.2516733601071,1494,1494,42.3694779116466,48.1927710843374
EPI_ISL_266555|Swine|H1N2|2017.236|NorthAmerica|,2017.236,-449.1,46.6532797858099,1494,1494,42.9718875502008,48.4939759036145
EPI_ISL_264195|Swine|H1N2|2017.219|NorthAmerica|,2017.219,-444.7,46.3186077643909,1494,1494,42.3694779116466,48.2931726907631
EPI_ISL_245052|Swine|H1N2|2016.776|NorthAmerica|,2016.776,-439,46.3186077643909,1494,1494,42.3694779116466,48.2931726907631
EPI_ISL_235726|Swine|H1N2|2016.628|NorthAmerica|,2016.628,-431.7,45.3145917001339,1494,1494,39.9598393574297,47.9919678714859
EPI_ISL_697532|Swine|H1N2|2020.71|NorthAmerica|,2020.71,-443.5,45.7161981258367,1494,1494,40.5622489959839,48.2931726907631
EPI_ISL_707309|Swine|H1N2|2020.667|NorthAmerica|,2020.667,-444.3,45.7831325301205,1494,1494,41.1646586345382,48.0923694779116
EPI_ISL_4081918|Swine|H1N2|2020.97|NorthAmerica|,2020.97,-441.5,45.7831325301205,1494,1494,41.3654618473896,47.9919678714859
EPI_ISL_4083361|Swine|H1N2|2021.241|NorthAmerica|,2021.241,-444.3,45.7161981258367,1494,1494,41.1646586345382,47.9919678714859
EPI_ISL_697747|Swine|H1N2|2020.765|NorthAmerica|,2020.765,-441.7,45.8500669344043,1494,1494,41.1646586345382,48.1927710843374
EPI_ISL_4083437|Swine|H1N2|2021.241|NorthAmerica|,2021.241,-437.1,45.6492637215529,1494,1494,40.5622489959839,48.1927710843374
EPI_ISL_4081682|Swine|H1N2|2020.844|NorthAmerica|,2020.844,-433,45.6492637215529,1494,1494,40.5622489959839,48.1927710843374
EPI_ISL_151275|Swine|H1N2|2009.271|NorthAmerica|,2009.271,-436.8,45.4484605087015,1494,1494,40.7630522088353,47.7911646586345
EPI_ISL_218303|Swine|H1N2|2015.099|Asia|,2015.099,-422.4,44.8460508701473,1494,1494,39.7590361445783,47.3895582329317
EPI_ISL_218302|Swine|H1N2|2015.099|Asia|,2015.099,-422.4,44.8460508701473,1494,1494,39.7590361445783,47.3895582329317
EPI_ISL_218301|Swine|H1N2|2015.099|Asia|,2015.099,-422.4,44.8460508701473,1494,1494,39.7590361445783,47.3895582329317
EPI_ISL_218299|Swine|H1N2|2015.099|Asia|,2015.099,-422.4,44.8460508701473,1494,1494,39.7590361445783,47.3895582329317
EPI_ISL_218042|Swine|H1N2|2014.556|Asia|,2014.556,-424.1,45.1807228915663,1494,1494,40.5622489959839,47.4899598393574
EPI_ISL_161653|Swine|H1N2|2012.923|Asia|,2012.923,-426,44.9799196787149,1494,1494,40.1606425702811,47.3895582329317
EPI_ISL_160787|Swine|H1N2|2012.923|Asia|,2012.923,-423.4,45.0770261219022,1493,1494,40.3614457831325,47.4371859296482
EPI_ISL_161657|Swine|H1N2|2012.923|Asia|,2012.923,-426,45.0468540829987,1494,1494,40.3614457831325,47.3895582329317
EPI_ISL_161656|Swine|H1N2|2012.923|Asia|,2012.923,-426,44.9799196787149,1494,1494,40.1606425702811,47.3895582329317
EPI_ISL_161659|Swine|H1N2|2012.923|Asia|,2012.923,-422,44.9799196787149,1494,1494,40.1606425702811,47.3895582329317
EPI_ISL_161658|Swine|H1N2|2012.923|Asia|,2012.923,-426,45.0468540829987,1494,1494,40.3614457831325,47.3895582329317
EPI_ISL_161655|Swine|H1N2|2012.923|Asia|,2012.923,-426,45.0468540829987,1494,1494,40.3614457831325,47.3895582329317
EPI_ISL_161654|Swine|H1N2|2012.923|Asia|,2012.923,-426,45.0468540829987,1494,1494,40.3614457831325,47.3895582329317
EPI_ISL_161652|Swine|H1N2|2012.923|Asia|,2012.923,-430.6,44.9799196787149,1494,1494,40.1606425702811,47.3895582329317
EPI_ISL_162680|Swine|H1N2|2013.926|Asia|,2013.926,-426.2,44.8460508701473,1494,1494,39.9598393574297,47.289156626506
EPI_ISL_372912|Swine|H1N2|2019.463|NorthAmerica|,2019.463,-428.3,45.3815261044177,1494,1494,40.5622489959839,47.7911646586345
EPI_ISL_399410|Swine|H1N2|2019.718|NorthAmerica|,2019.718,-425.6,45.2476572958501,1494,1494,40.5622489959839,47.5903614457831
EPI_ISL_503990|Swine|H1N2|2020.175|NorthAmerica|,2020.175,-424.5,45.3145917001339,1494,1494,40.5622489959839,47.6907630522088
EPI_ISL_4081999|Swine|H1N2|2021.055|NorthAmerica|,2021.055,-429.6,45.2476572958501,1494,1494,39.9598393574297,47.8915662650602
EPI_ISL_707259|Swine|H1N2|2020.631|NorthAmerica|,2020.631,-431.6,45.3815261044177,1494,1494,40.3614457831325,47.8915662650602
EPI_ISL_503982|Swine|H1N2|2020.169|NorthAmerica|,2020.169,-433.5,45.3145917001339,1494,1494,40.1606425702811,47.8915662650602
EPI_ISL_281310|Swine|H1N2|2017.603|NorthAmerica|,2017.603,-419.6,45.7831325301205,1494,1494,41.7670682730924,47.7911646586345
EPI_ISL_234287|Swine|H1N2|2016.511|NorthAmerica|,2016.511,-413.3,45.6492637215529,1494,1494,41.3654618473896,47.7911646586345
EPI_ISL_4082537|Swine|H1N2|2021.23|NorthAmerica|,2021.23,-435.5,45.9170013386881,1494,1494,41.9678714859438,47.8915662650602
EPI_ISL_501657|Swine|H1N2|2019.975|NorthAmerica|,2019.975,-424.3,45.3145917001339,1494,1494,40.1606425702811,47.8915662650602
EPI_ISL_502860|Swine|H1N2|2020.276|NorthAmerica|,2020.276,-424.3,45.3815261044177,1494,1494,40.3614457831325,47.8915662650602
EPI_ISL_700962|Swine|H1N2|2020.484|NorthAmerica|,2020.484,-424.3,45.3145917001339,1494,1494,40.1606425702811,47.8915662650602
EPI_ISL_299534|Swine|H1N2|2018.005|NorthAmerica|,2018.005,-420.6,45.7161981258367,1494,1494,41.3654618473896,47.8915662650602
EPI_ISL_296670|Swine|H1N2|2017.775|NorthAmerica|,2017.775,-422.7,46.0508701472557,1494,1494,42.1686746987952,47.9919678714859
EPI_ISL_499257|Swine|H1N2|2020.445|NorthAmerica|,2020.445,-422.1,46.1847389558233,1494,1494,42.570281124498,47.9919678714859
EPI_ISL_706412|Swine|H1N2|2020.522|NorthAmerica|,2020.522,-432.7,46.7202141900937,1494,1494,43.7751004016064,48.1927710843374
EPI_ISL_282913|Swine|H1N2|2017.625|NorthAmerica|,2017.625,-418.4,45.8500669344043,1494,1494,42.1686746987952,47.6907630522088
EPI_ISL_4081867|Swine|H1N2|2020.951|NorthAmerica|,2020.951,-432.8,45.5823293172691,1494,1494,40.5622489959839,48.0923694779116
EPI_ISL_502060|Swine|H1N2|2020.402|NorthAmerica|,2020.402,-418.1,45.5823293172691,1494,1494,40.9638554216867,47.8915662650602
EPI_ISL_4082170|Swine|H1N2|2021.167|NorthAmerica|,2021.167,-419,45.6492637215529,1494,1494,41.1646586345382,47.8915662650602
EPI_ISL_503963|Swine|H1N2|2019.852|NorthAmerica|,2019.852,-418.1,45.6492637215529,1494,1494,41.1646586345382,47.8915662650602
EPI_ISL_502855|Swine|H1N2|2020.268|NorthAmerica|,2020.268,-427.9,45.7161981258367,1494,1494,41.3654618473896,47.8915662650602
EPI_ISL_502067|Swine|H1N2|2020.402|NorthAmerica|,2020.402,-425.8,45.7161981258367,1494,1494,41.3654618473896,47.8915662650602
EPI_ISL_502843|Swine|H1N2|2020.284|NorthAmerica|,2020.284,-420.6,45.5823293172691,1494,1494,41.1646586345382,47.7911646586345
EPI_ISL_4081947|Swine|H1N2|2021.03|NorthAmerica|,2021.03,-430.1,45.7161981258367,1494,1494,41.9678714859438,47.5903614457831
EPI_ISL_502056|Swine|H1N2|2020.402|NorthAmerica|,2020.402,-422.7,46.0508701472557,1494,1494,42.3694779116466,47.8915662650602
EPI_ISL_503983|Swine|H1N2|2020.167|NorthAmerica|,2020.167,-422.7,46.0508701472557,1494,1494,42.3694779116466,47.8915662650602
EPI_ISL_503951|Swine|H1N2|2019.899|NorthAmerica|,2019.899,-422.7,46.0508701472557,1494,1494,42.3694779116466,47.8915662650602
EPI_ISL_707312|Swine|H1N2|2020.689|NorthAmerica|,2020.689,-429.5,46.1178045515395,1494,1494,42.570281124498,47.8915662650602
EPI_ISL_399688|Swine|H1N2|2018.496|NorthAmerica|,2018.496,-426.2,46.1847389558233,1494,1494,42.7710843373494,47.8915662650602
EPI_ISL_399684|Swine|H1N2|2018.496|NorthAmerica|,2018.496,-424.1,46.1178045515395,1494,1494,42.570281124498,47.8915662650602
EPI_ISL_399701|Swine|H1N2|2018.581|NorthAmerica|,2018.581,-415.9,46.0508701472557,1494,1494,42.3694779116466,47.8915662650602
EPI_ISL_399700|Swine|H1N2|2018.496|NorthAmerica|,2018.496,-415.9,46.0508701472557,1494,1494,42.3694779116466,47.8915662650602
EPI_ISL_399661|Swine|H1N2|2018.496|NorthAmerica|,2018.496,-418.7,45.9839357429719,1494,1494,42.3694779116466,47.7911646586345
EPI_ISL_387949|Swine|H1N2|2018.581|NorthAmerica|,2018.581,-418.7,45.9839357429719,1494,1494,42.3694779116466,47.7911646586345
EPI_ISL_399705|Swine|H1N2|2018.496|NorthAmerica|,2018.496,-418.7,45.9839357429719,1494,1494,42.3694779116466,47.7911646586345
EPI_ISL_399698|Swine|H1N2|2018.496|NorthAmerica|,2018.496,-415.9,45.9839357429719,1494,1494,42.3694779116466,47.7911646586345
EPI_ISL_399697|Swine|H1N2|2018.496|NorthAmerica|,2018.496,-418.7,45.9839357429719,1494,1494,42.3694779116466,47.7911646586345
EPI_ISL_399654|Swine|H1N2|2018.496|NorthAmerica|,2018.496,-418.7,45.9839357429719,1494,1494,42.3694779116466,47.7911646586345
EPI_ISL_399653|Swine|H1N2|2018.496|NorthAmerica|,2018.496,-418.7,45.9839357429719,1494,1494,42.3694779116466,47.7911646586345
EPI_ISL_399696|Swine|H1N2|2018.496|NorthAmerica|,2018.496,-418.7,45.9839357429719,1494,1494,42.3694779116466,47.7911646586345
EPI_ISL_399659|Swine|H1N2|2018.496|NorthAmerica|,2018.496,-419.1,45.9170013386881,1494,1494,42.3694779116466,47.6907630522088
EPI_ISL_387956|Swine|H1N2|2018.496|NorthAmerica|,2018.496,-418.7,45.9839357429719,1494,1494,42.3694779116466,47.7911646586345
EPI_ISL_399690|Swine|H1N2|2018.496|NorthAmerica|,2018.496,-418.7,45.9839357429719,1494,1494,42.3694779116466,47.7911646586345
EPI_ISL_399681|Swine|H1N2|2018.496|NorthAmerica|,2018.496,-417.8,45.9170013386881,1494,1494,42.1686746987952,47.7911646586345
EPI_ISL_399666|Swine|H1N2|2018.581|NorthAmerica|,2018.581,-418.7,45.9839357429719,1494,1494,42.3694779116466,47.7911646586345
EPI_ISL_399673|Swine|H1N2|2018.581|NorthAmerica|,2018.581,-418.7,45.9839357429719,1494,1494,42.3694779116466,47.7911646586345
EPI_ISL_399657|Swine|H1N2|2018.581|NorthAmerica|,2018.581,-418.7,45.9839357429719,1494,1494,42.3694779116466,47.7911646586345
EPI_ISL_399677|Swine|H1N2|2018.496|NorthAmerica|,2018.496,-418.7,45.9839357429719,1494,1494,42.3694779116466,47.7911646586345
EPI_ISL_399687|Swine|H1N2|2018.414|NorthAmerica|,2018.414,-420.9,46.0508701472557,1494,1494,42.570281124498,47.7911646586345
EPI_ISL_399692|Swine|H1N2|2018.496|NorthAmerica|,2018.496,-424.1,46.1178045515395,1494,1494,42.570281124498,47.8915662650602
EPI_ISL_399683|Swine|H1N2|2018.496|NorthAmerica|,2018.496,-424.1,46.1178045515395,1494,1494,42.570281124498,47.8915662650602
EPI_ISL_399676|Swine|H1N2|2018.496|NorthAmerica|,2018.496,-418.7,45.9839357429719,1494,1494,42.3694779116466,47.7911646586345
EPI_ISL_399670|Swine|H1N2|2018.496|NorthAmerica|,2018.496,-418.7,45.9839357429719,1494,1494,42.3694779116466,47.7911646586345
EPI_ISL_399656|Swine|H1N2|2018.496|NorthAmerica|,2018.496,-418.7,45.9839357429719,1494,1494,42.3694779116466,47.7911646586345
EPI_ISL_387822|Swine|H1N2|2019.249|NorthAmerica|,2019.249,-421.7,45.9170013386881,1494,1494,42.3694779116466,47.6907630522088
EPI_ISL_399668|Swine|H1N2|2018.414|NorthAmerica|,2018.414,-424.1,46.1178045515395,1494,1494,42.570281124498,47.8915662650602
EPI_ISL_381076|Swine|H1N2|2018.581|NorthAmerica|,2018.581,-424.1,46.1178045515395,1494,1494,42.570281124498,47.8915662650602
EPI_ISL_387957|Swine|H1N2|2018.581|NorthAmerica|,2018.581,-424.1,46.1178045515395,1494,1494,42.570281124498,47.8915662650602
EPI_ISL_399694|Swine|H1N2|2018.496|NorthAmerica|,2018.496,-424.1,46.1178045515395,1494,1494,42.570281124498,47.8915662650602
EPI_ISL_399674|Swine|H1N2|2018.496|NorthAmerica|,2018.496,-424.1,46.1178045515395,1494,1494,42.570281124498,47.8915662650602
EPI_ISL_387952|Swine|H1N2|2018.581|NorthAmerica|,2018.581,-424.1,46.1178045515395,1494,1494,42.570281124498,47.8915662650602
EPI_ISL_399649|Swine|H1N2|2018.581|NorthAmerica|,2018.581,-424.1,46.1178045515395,1494,1494,42.570281124498,47.8915662650602
EPI_ISL_499254|Swine|H1N2|2020.454|NorthAmerica|,2020.454,-430.9,45.2476572958501,1494,1494,40.5622489959839,47.5903614457831
EPI_ISL_697537|Swine|H1N2|2020.713|NorthAmerica|,2020.713,-421.9,46.1847389558233,1494,1494,42.3694779116466,48.0923694779116
EPI_ISL_503950|Swine|H1N2|2019.825|NorthAmerica|,2019.825,-423.4,45.9170013386881,1494,1494,41.9678714859438,47.8915662650602
EPI_ISL_399699|Swine|H1N2|2018.496|NorthAmerica|,2018.496,-419.2,45.9170013386881,1494,1494,41.9678714859438,47.8915662650602
EPI_ISL_399679|Swine|H1N2|2018.496|NorthAmerica|,2018.496,-419.2,45.9170013386881,1494,1494,41.9678714859438,47.8915662650602
EPI_ISL_399678|Swine|H1N2|2018.496|NorthAmerica|,2018.496,-423.1,46.0508701472557,1494,1494,42.3694779116466,47.8915662650602
EPI_ISL_399680|Swine|H1N2|2018.496|NorthAmerica|,2018.496,-424.1,46.1178045515395,1494,1494,42.570281124498,47.8915662650602
EPI_ISL_399669|Swine|H1N2|2018.496|NorthAmerica|,2018.496,-424.1,46.1178045515395,1494,1494,42.570281124498,47.8915662650602
EPI_ISL_378959|Swine|H1N2|2018.882|NorthAmerica|,2018.882,-421.1,46.0508701472557,1494,1494,42.3694779116466,47.8915662650602
EPI_ISL_387954|Swine|H1N2|2018.414|NorthAmerica|,2018.414,-418.7,45.9839357429719,1494,1494,42.3694779116466,47.7911646586345
EPI_ISL_501749|Swine|H1N2|2020.361|NorthAmerica|,2020.361,-431.3,46.1847389558233,1494,1494,42.9718875502008,47.7911646586345
EPI_ISL_4083346|Swine|H1N2|2021.241|NorthAmerica|,2021.241,-425.5,45.6492637215529,1494,1494,41.3654618473896,47.7911646586345
EPI_ISL_4081984|Swine|H1N2|2021.047|NorthAmerica|,2021.047,-439.3,45.9170013386881,1494,1494,41.7670682730924,47.9919678714859
EPI_ISL_4081692|Swine|H1N2|2020.842|NorthAmerica|,2020.842,-433.8,45.7831325301205,1494,1494,41.3654618473896,47.9919678714859
EPI_ISL_388673|Swine|H1N2|2019.545|NorthAmerica|,2019.545,-435,45.2476572958501,1494,1494,39.1566265060241,48.2931726907631
EPI_ISL_262600|Swine|H1N2|2017.178|NorthAmerica|,2017.178,-440.1,45.8500669344043,1494,1494,41.566265060241,47.9919678714859
EPI_ISL_281235|Swine|H1N2|2017.586|NorthAmerica|,2017.586,-432.6,45.9170013386881,1494,1494,41.1646586345382,48.2931726907631
EPI_ISL_387835|Swine|H1N2|2019.31|NorthAmerica|,2019.31,-433.8,46.0508701472557,1494,1494,41.566265060241,48.2931726907631
EPI_ISL_256249|Swine|H1N2|2015.8|NorthAmerica|,2015.8,-436,46.1178045515395,1494,1494,41.7670682730924,48.2931726907631
EPI_ISL_373600|Swine|H1N2|2017.414|NorthAmerica|,2017.414,-439.6,46.0508701472557,1494,1494,41.7670682730924,48.1927710843374
EPI_ISL_373597|Swine|H1N2|2017.414|NorthAmerica|,2017.414,-439.6,46.0508701472557,1494,1494,41.7670682730924,48.1927710843374
EPI_ISL_373596|Swine|H1N2|2017.414|NorthAmerica|,2017.414,-439.6,46.0508701472557,1494,1494,41.7670682730924,48.1927710843374
EPI_ISL_373550|Swine|H1N2|2017.414|NorthAmerica|,2017.414,-439.6,46.0508701472557,1494,1494,41.7670682730924,48.1927710843374
EPI_ISL_373689|Swine|H1N2|2017.414|NorthAmerica|,2017.414,-439.6,45.9839357429719,1494,1494,41.7670682730924,48.0923694779116
EPI_ISL_373687|Swine|H1N2|2017.414|NorthAmerica|,2017.414,-439.6,46.0508701472557,1494,1494,41.7670682730924,48.1927710843374
EPI_ISL_379330|Swine|H1N2|2017.414|NorthAmerica|,2017.414,-439.6,46.0508701472557,1494,1494,41.7670682730924,48.1927710843374
EPI_ISL_373721|Swine|H1N2|2017.414|NorthAmerica|,2017.414,-438.2,45.9839357429719,1494,1494,41.566265060241,48.1927710843374
EPI_ISL_373668|Swine|H1N2|2017.414|NorthAmerica|,2017.414,-438.2,45.9839357429719,1494,1494,41.566265060241,48.1927710843374
EPI_ISL_373635|Swine|H1N2|2017.414|NorthAmerica|,2017.414,-438.2,45.9839357429719,1494,1494,41.566265060241,48.1927710843374
EPI_ISL_373632|Swine|H1N2|2017.414|NorthAmerica|,2017.414,-438.2,45.9839357429719,1494,1494,41.566265060241,48.1927710843374
EPI_ISL_373626|Swine|H1N2|2017.414|NorthAmerica|,2017.414,-438.2,45.9839357429719,1494,1494,41.566265060241,48.1927710843374
EPI_ISL_373602|Swine|H1N2|2017.414|NorthAmerica|,2017.414,-438.2,45.9839357429719,1494,1494,41.566265060241,48.1927710843374
EPI_ISL_373601|Swine|H1N2|2017.414|NorthAmerica|,2017.414,-438.2,45.9839357429719,1494,1494,41.566265060241,48.1927710843374
EPI_ISL_373599|Swine|H1N2|2017.414|NorthAmerica|,2017.414,-438.2,45.9839357429719,1494,1494,41.566265060241,48.1927710843374
EPI_ISL_373578|Swine|H1N2|2017.414|NorthAmerica|,2017.414,-438.2,45.9839357429719,1494,1494,41.566265060241,48.1927710843374
EPI_ISL_373669|Swine|H1N2|2017.414|NorthAmerica|,2017.414,-438.2,45.9839357429719,1494,1494,41.566265060241,48.1927710843374
EPI_ISL_379306|Swine|H1N2|2017.414|NorthAmerica|,2017.414,-438.2,45.9839357429719,1494,1494,41.566265060241,48.1927710843374
EPI_ISL_379290|Swine|H1N2|2017.414|NorthAmerica|,2017.414,-438.2,45.9839357429719,1494,1494,41.566265060241,48.1927710843374
EPI_ISL_379285|Swine|H1N2|2017.414|NorthAmerica|,2017.414,-438.2,45.9839357429719,1494,1494,41.566265060241,48.1927710843374
EPI_ISL_379283|Swine|H1N2|2017.414|NorthAmerica|,2017.414,-438.2,45.9839357429719,1494,1494,41.566265060241,48.1927710843374
EPI_ISL_379356|Swine|H1N2|2017.414|NorthAmerica|,2017.414,-438.2,45.9839357429719,1494,1494,41.566265060241,48.1927710843374
EPI_ISL_379338|Swine|H1N2|2017.414|NorthAmerica|,2017.414,-438.2,45.9839357429719,1494,1494,41.566265060241,48.1927710843374
EPI_ISL_373634|Swine|H1N2|2017.414|NorthAmerica|,2017.414,-438.2,45.9839357429719,1494,1494,41.566265060241,48.1927710843374
EPI_ISL_280253|Swine|H1N2|2016.497|NorthAmerica|,2016.497,-436,46.1178045515395,1494,1494,41.7670682730924,48.2931726907631
EPI_ISL_280233|Swine|H1N2|2016.582|NorthAmerica|,2016.582,-436,46.0508701472557,1494,1494,41.7670682730924,48.1927710843374
EPI_ISL_280232|Swine|H1N2|2016.582|NorthAmerica|,2016.582,-436,46.0508701472557,1494,1494,41.7670682730924,48.1927710843374
EPI_ISL_280209|Swine|H1N2|2016.497|NorthAmerica|,2016.497,-436,46.1178045515395,1494,1494,41.7670682730924,48.2931726907631
EPI_ISL_245321|Swine|H1N2|2016.811|NorthAmerica|,2016.811,-434.6,46.0508701472557,1494,1494,41.566265060241,48.2931726907631
EPI_ISL_230196|Swine|H1N2|2016.391|NorthAmerica|,2016.391,-435.9,46.0508701472557,1494,1494,41.566265060241,48.2931726907631
EPI_ISL_237046|Swine|H1N2|2016.683|NorthAmerica|,2016.683,-438.6,45.9839357429719,1494,1494,41.566265060241,48.1927710843374
EPI_ISL_235746|Swine|H1N2|2016.161|NorthAmerica|,2016.161,-437.9,46.1178045515395,1494,1494,41.7670682730924,48.2931726907631
EPI_ISL_262594|Swine|H1N2|2017.216|NorthAmerica|,2017.216,-415.3,46.1178045515395,1494,1494,42.3694779116466,47.9919678714859
EPI_ISL_295664|Swine|H1N2|2017.945|NorthAmerica|,2017.945,-421.1,46.3186077643909,1494,1494,43.1726907630522,47.8915662650602
EPI_ISL_297056|Swine|H1N2|2017.778|NorthAmerica|,2017.778,-421.1,46.3186077643909,1494,1494,43.1726907630522,47.8915662650602
EPI_ISL_297069|Swine|H1N2|2017.849|NorthAmerica|,2017.849,-418.8,46.3855421686747,1494,1494,43.3734939759036,47.8915662650602
EPI_ISL_297193|Swine|H1N2|2017.877|NorthAmerica|,2017.877,-421.1,46.3186077643909,1494,1494,43.1726907630522,47.8915662650602
